{
	"format_version": "1.21.6",
	"credit": "Made with Blockbench",
	"texture_size": [32, 32],
	"textures": {
		"0": "item/smithing_templates/flow_armor_trim_smithing_template_3d",
		"particle": "item/smithing_templates/flow_armor_trim_smithing_template_3d"
	},
	"elements": [
		{
			"from": [6.75, 0, 3.5],
			"to": [8.75, 12, 12.5],
			"rotation": {"angle": 0, "axis": "y", "origin": [8.25, 0, 3.5]},
			"faces": {
				"east": {"uv": [0, 0, 4.5, 6], "texture": "#0"}
			}
		},
		{
			"from": [6.25, 0, 3.5],
			"to": [8.25, 12, 12.5],
			"rotation": {"angle": 0, "axis": "y", "origin": [7.25, 0, 3.5]},
			"faces": {
				"north": {"uv": [9, 0, 10, 6], "texture": "#0"},
				"south": {"uv": [0, 9, 1, 15], "texture": "#0"},
				"west": {"uv": [4.5, 0, 9, 6], "texture": "#0"},
				"up": {"uv": [5.5, 10, 1, 9], "rotation": 90, "texture": "#0"},
				"down": {"uv": [10, 9, 5.5, 10], "rotation": 270, "texture": "#0"}
			}
		},
		{
			"from": [8.25, 0, 3.5],
			"to": [9.25, 3, 12.5],
			"rotation": {"angle": 0, "axis": "y", "origin": [8.25, 0, 3.5]},
			"faces": {
				"north": {"uv": [3, 10.5, 3.5, 12], "texture": "#0"},
				"east": {"uv": [0, 7.5, 4.5, 9], "texture": "#0"},
				"south": {"uv": [9.5, 10, 10, 11.5], "texture": "#0"},
				"west": {"uv": [4.5, 7.5, 9, 9], "texture": "#0"},
				"up": {"uv": [14.5, 4, 10, 3.5], "rotation": 90, "texture": "#0"},
				"down": {"uv": [14.5, 4, 10, 4.5], "rotation": 270, "texture": "#0"}
			}
		},
		{
			"from": [8.25, 3, 10.5],
			"to": [9.25, 9, 12.5],
			"rotation": {"angle": 0, "axis": "y", "origin": [8.25, 3, 3.5]},
			"faces": {
				"north": {"uv": [7.5, 10, 8, 13], "texture": "#0"},
				"east": {"uv": [9, 6, 10, 9], "texture": "#0"},
				"south": {"uv": [10, 4.5, 10.5, 7.5], "texture": "#0"},
				"west": {"uv": [10, 0, 11, 3], "texture": "#0"},
				"up": {"uv": [11.5, 9, 10.5, 8.5], "rotation": 90, "texture": "#0"},
				"down": {"uv": [11.5, 9, 10.5, 9.5], "rotation": 270, "texture": "#0"}
			}
		},
		{
			"from": [8.25, 3, 3.5],
			"to": [9.25, 9, 5.5],
			"rotation": {"angle": 0, "axis": "y", "origin": [8.25, 3, -3.5]},
			"faces": {
				"north": {"uv": [8, 10, 8.5, 13], "texture": "#0"},
				"east": {"uv": [1, 10, 2, 13], "texture": "#0"},
				"south": {"uv": [10, 7.5, 10.5, 10.5], "texture": "#0"},
				"west": {"uv": [2, 10, 3, 13], "texture": "#0"},
				"up": {"uv": [11.5, 10, 10.5, 9.5], "rotation": 90, "texture": "#0"},
				"down": {"uv": [11, 10.5, 10, 11], "rotation": 270, "texture": "#0"}
			}
		},
		{
			"from": [8.25, 4, 5.5],
			"to": [9.25, 5, 8.5],
			"rotation": {"angle": 0, "axis": "y", "origin": [8.25, 3, -0.5]},
			"faces": {
				"north": {"uv": [5, 11, 5.5, 11.5], "texture": "#0"},
				"east": {"uv": [3.5, 10.5, 5, 11], "texture": "#0"},
				"south": {"uv": [11, 2.5, 11.5, 3], "texture": "#0"},
				"west": {"uv": [10.5, 4.5, 12, 5], "texture": "#0"},
				"up": {"uv": [6.5, 11, 5, 10.5], "rotation": 90, "texture": "#0"},
				"down": {"uv": [12, 5, 10.5, 5.5], "rotation": 270, "texture": "#0"}
			}
		},
		{
			"from": [8.25, 7, 7.5],
			"to": [9.25, 8, 9.5],
			"rotation": {"angle": 0, "axis": "y", "origin": [8.25, 6, -0.5]},
			"faces": {
				"north": {"uv": [11, 5.5, 11.5, 6], "texture": "#0"},
				"east": {"uv": [10.5, 10, 11.5, 10.5], "texture": "#0"},
				"south": {"uv": [5.5, 11, 6, 11.5], "texture": "#0"},
				"west": {"uv": [11, 0, 12, 0.5], "texture": "#0"},
				"up": {"uv": [12, 1, 11, 0.5], "rotation": 90, "texture": "#0"},
				"down": {"uv": [12, 1, 11, 1.5], "rotation": 270, "texture": "#0"}
			}
		},
		{
			"from": [8.25, 6, 6.5],
			"to": [9.25, 8, 7.5],
			"rotation": {"angle": 0, "axis": "y", "origin": [8.25, 6, -1.5]},
			"faces": {
				"north": {"uv": [4.5, 11, 5, 12], "texture": "#0"},
				"east": {"uv": [11, 1.5, 11.5, 2.5], "texture": "#0"},
				"south": {"uv": [3.5, 11, 4, 12], "texture": "#0"},
				"west": {"uv": [4, 11, 4.5, 12], "texture": "#0"},
				"up": {"uv": [6.5, 11.5, 6, 11], "rotation": 90, "texture": "#0"},
				"down": {"uv": [11.5, 6, 11, 6.5], "rotation": 270, "texture": "#0"}
			}
		},
		{
			"from": [8.25, 4, 8.5],
			"to": [9.25, 7, 9.5],
			"rotation": {"angle": 0, "axis": "y", "origin": [8.25, 5, -0.5]},
			"faces": {
				"north": {"uv": [10.5, 7, 11, 8.5], "texture": "#0"},
				"east": {"uv": [10.5, 5.5, 11, 7], "texture": "#0"},
				"south": {"uv": [6.5, 10.5, 7, 12], "texture": "#0"},
				"west": {"uv": [7, 10.5, 7.5, 12], "texture": "#0"},
				"up": {"uv": [11.5, 7, 11, 6.5], "rotation": 90, "texture": "#0"},
				"down": {"uv": [11.5, 7, 11, 7.5], "rotation": 270, "texture": "#0"}
			}
		},
		{
			"from": [8.25, 9, 3.5],
			"to": [9.25, 12, 12.5],
			"rotation": {"angle": 0, "axis": "y", "origin": [8.25, 8, 3.5]},
			"faces": {
				"north": {"uv": [9, 10, 9.5, 11.5], "texture": "#0"},
				"east": {"uv": [0, 6, 4.5, 7.5], "texture": "#0"},
				"south": {"uv": [8.5, 10, 9, 11.5], "texture": "#0"},
				"west": {"uv": [4.5, 6, 9, 7.5], "texture": "#0"},
				"up": {"uv": [7.5, 10.5, 3, 10], "rotation": 90, "texture": "#0"},
				"down": {"uv": [14.5, 3, 10, 3.5], "rotation": 270, "texture": "#0"}
			}
		}
	],
	"display": {
		"thirdperson_righthand": {
			"rotation": [-142.71, 22.97, -174.29],
			"translation": [0.5, 3.5, 2.25],
			"scale": [0.63281, 0.63281, 0.63281]
		},
		"thirdperson_lefthand": {
			"rotation": [-142.71, 22.97, -174.29],
			"translation": [0.5, 3.5, 2.25],
			"scale": [0.63281, 0.63281, 0.63281]
		},
		"firstperson_righthand": {
			"rotation": [166.56, 48.93, -169.09],
			"translation": [0.75, 4.5, 0.75],
			"scale": [0.42188, 0.42188, 0.42188]
		},
		"firstperson_lefthand": {
			"rotation": [166.56, 48.93, -169.09],
			"translation": [0.75, 4.5, 0.75],
			"scale": [0.42188, 0.42188, 0.42188]
		},
		"ground": {
			"rotation": [90, 0, 0],
			"translation": [0, -4.75, 0]
		},
		"gui": {
			"rotation": [-180, 0, -180],
			"translation": [-0.75, 2.5, 0],
			"scale": [1.3125, 1.3125, 1.3125]
		},
		"head": {
			"translation": [0, 14.5, 3.75]
		},
		"fixed": {
			"translation": [0.5, 2, 3.5],
			"scale": [1.20703, 1.20703, 1.20703]
		}
	},
	"groups": [
		{
			"name": "group",
			"origin": [3, 0, 4],
			"color": 0,
			"children": [0, 1, 2, 3, 4, 5, 6, 7, 8, 9]
		}
	]
}