{
	"format_version": "1.21.6",
	"credit": "cyberia was here",
	"texture_size": [32, 32],
	"textures": {
		"3": "item/smithing_templates/netherite_upgrade_smithing_template_3d"
	},
	"elements": [
		{
			"from": [6.75, 1, 4.5],
			"to": [8.75, 11, 11.5],
			"rotation": {"angle": 0, "axis": "y", "origin": [10.25, 6, 6.5]},
			"faces": {
				"east": {"uv": [8.5, 0.5, 5, 5.5], "texture": "#3"}
			}
		},
		{
			"from": [6.25, 0, 3.5],
			"to": [8.25, 12, 12.5],
			"rotation": {"angle": 0, "axis": "y", "origin": [9.25, 0, 3.5]},
			"faces": {
				"north": {"uv": [1, 7.5, 0, 13.5], "texture": "#3"},
				"east": {"uv": [9, 0, 4.5, 6], "texture": "#3"},
				"south": {"uv": [2, 7.5, 1, 13.5], "texture": "#3"},
				"west": {"uv": [4.5, 0, 0, 6], "texture": "#3"},
				"up": {"uv": [2, 12, 3, 7.5], "texture": "#3"},
				"down": {"uv": [3, 7.5, 4, 12], "texture": "#3"}
			}
		},
		{
			"from": [8.25, 11, 3.5],
			"to": [9.25, 12, 12.5],
			"rotation": {"angle": 0, "axis": "y", "origin": [9.25, 0, 3.5]},
			"faces": {
				"north": {"uv": [10, 4.5, 9.5, 5], "texture": "#3"},
				"east": {"uv": [9, 6, 4.5, 6.5], "texture": "#3"},
				"south": {"uv": [10, 6, 9.5, 6.5], "texture": "#3"},
				"up": {"uv": [7, 12, 7.5, 7.5], "texture": "#3"},
				"down": {"uv": [7.5, 7.5, 8, 12], "texture": "#3"}
			}
		},
		{
			"from": [8.25, 3, 9.5],
			"to": [9.25, 6, 10.5],
			"rotation": {"angle": 0, "axis": "y", "origin": [9.25, 0, 3.5]},
			"faces": {
				"north": {"uv": [10, 1.5, 9.5, 3], "texture": "#3"},
				"east": {"uv": [10, 3, 9.5, 4.5], "texture": "#3"},
				"up": {"uv": [10, 1, 10.5, 0.5], "texture": "#3"}
			}
		},
		{
			"from": [8.25, 7, 5.5],
			"to": [9.25, 8, 6.5],
			"rotation": {"angle": 0, "axis": "y", "origin": [9.25, 0, 3.5]},
			"faces": {
				"east": {"uv": [10.5, 1.5, 10, 2], "texture": "#3"},
				"south": {"uv": [10.5, 1, 10, 1.5], "texture": "#3"},
				"down": {"uv": [10, 2, 10.5, 2.5], "texture": "#3"}
			}
		},
		{
			"from": [8.25, 7, 9.5],
			"to": [9.25, 8, 10.5],
			"rotation": {"angle": 0, "axis": "y", "origin": [9.25, 0, 3.5]},
			"faces": {
				"north": {"uv": [10.5, 2.5, 10, 3], "texture": "#3"},
				"east": {"uv": [10.5, 3, 10, 3.5], "texture": "#3"},
				"down": {"uv": [10, 3.5, 10.5, 4], "texture": "#3"}
			}
		},
		{
			"from": [8.25, 8, 5.5],
			"to": [9.25, 9, 7.5],
			"rotation": {"angle": 0, "axis": "y", "origin": [9.25, 0, 3.5]},
			"faces": {
				"east": {"uv": [10.5, 7.5, 9.5, 8], "texture": "#3"},
				"south": {"uv": [10.5, 4, 10, 4.5], "texture": "#3"},
				"down": {"uv": [9.5, 8, 10, 9], "texture": "#3"}
			}
		},
		{
			"from": [8.25, 8, 8.5],
			"to": [9.25, 9, 10.5],
			"rotation": {"angle": 0, "axis": "y", "origin": [9.25, 0, 3.5]},
			"faces": {
				"north": {"uv": [10.5, 4.5, 10, 5], "texture": "#3"},
				"east": {"uv": [10.5, 9, 9.5, 9.5], "texture": "#3"},
				"down": {"uv": [9.5, 9.5, 10, 10.5], "texture": "#3"}
			}
		},
		{
			"from": [8.25, 3, 10.5],
			"to": [9.25, 9, 12.5],
			"rotation": {"angle": 0, "axis": "y", "origin": [9.25, 0, 3.5]},
			"faces": {
				"north": {"uv": [9.5, 0, 9, 3], "texture": "#3"},
				"east": {"uv": [6, 7.5, 5, 10.5], "texture": "#3"},
				"south": {"uv": [9.5, 3, 9, 6], "texture": "#3"}
			}
		},
		{
			"from": [8.25, 9, 3.5],
			"to": [9.25, 11, 12.5],
			"rotation": {"angle": 0, "axis": "y", "origin": [9.25, 0, 3.5]},
			"faces": {
				"north": {"uv": [10, 5, 9.5, 6], "texture": "#3"},
				"east": {"uv": [9, 6.5, 4.5, 7.5], "texture": "#3"},
				"south": {"uv": [10, 6.5, 9.5, 7.5], "texture": "#3"},
				"up": {"uv": [7, 12, 7.5, 7.5], "texture": "#3"},
				"down": {"uv": [7.5, 7.5, 8, 12], "texture": "#3"}
			}
		},
		{
			"from": [8.25, 0, 3.5],
			"to": [9.25, 3, 12.5],
			"rotation": {"angle": 0, "axis": "y", "origin": [9.25, 0, 3.5]},
			"faces": {
				"north": {"uv": [9.5, 6, 9, 7.5], "texture": "#3"},
				"east": {"uv": [4.5, 6, 0, 7.5], "texture": "#3"},
				"south": {"uv": [9.5, 7.5, 9, 9], "texture": "#3"},
				"up": {"uv": [6, 12, 6.5, 7.5], "texture": "#3"},
				"down": {"uv": [6.5, 7.5, 7, 12], "texture": "#3"}
			}
		},
		{
			"from": [8.25, 3, 3.5],
			"to": [9.25, 9, 5.5],
			"rotation": {"angle": 0, "axis": "y", "origin": [9.25, 0, 3.5]},
			"faces": {
				"north": {"uv": [8.5, 7.5, 8, 10.5], "texture": "#3"},
				"east": {"uv": [5, 7.5, 4, 10.5], "texture": "#3"},
				"south": {"uv": [9, 7.5, 8.5, 10.5], "texture": "#3"}
			}
		},
		{
			"from": [8.25, 3, 5.5],
			"to": [9.25, 6, 6.5],
			"rotation": {"angle": 0, "axis": "y", "origin": [9.25, 0, 3.5]},
			"faces": {
				"east": {"uv": [10, 0, 9.5, 1.5], "texture": "#3"},
				"south": {"uv": [9.5, 9, 9, 10.5], "texture": "#3"},
				"up": {"uv": [10, 0.5, 10.5, 0], "texture": "#3"}
			}
		}
	],
	"display": {
		"thirdperson_righthand": {
			"rotation": [20, 0, 0],
			"translation": [0, 2, 0.25],
			"scale": [0.5, 0.5, 0.5]
		},
		"thirdperson_lefthand": {
			"rotation": [20, 0, 0],
			"translation": [0, 2, 0.25],
			"scale": [0.5, 0.5, 0.5]
		},
		"firstperson_righthand": {
			"rotation": [0, -120, 15],
			"translation": [0, 4.25, 0.5],
			"scale": [0.45, 0.45, 0.45]
		},
		"firstperson_lefthand": {
			"rotation": [0, 60, -15],
			"translation": [0, 4.5, -0.25],
			"scale": [0.5, 0.5, 0.5]
		},
		"ground": {
			"translation": [0, 3.25, 0],
			"scale": [0.55, 0.55, 0.55]
		},
		"gui": {
			"rotation": [22.5, -120, 0],
			"translation": [0, 1.5, 0]
		},
		"head": {
			"rotation": [0, 90, 0],
			"translation": [0, 14.5, 0]
		},
		"fixed": {
			"rotation": [0, 90, 0],
			"translation": [0, 2, 0.25]
		}
	},
	"groups": [
		{
			"name": "group",
			"origin": [1.75, 0, 3.5],
			"color": 0,
			"children": [
				0,
				1,
				{
					"name": "front",
					"origin": [1.75, 0, 3.5],
					"color": 0,
					"children": [2, 3, 4, 5, 6, 7, 8, 9, 10, 11, 12]
				}
			]
		}
	]
}