{
	"format_version": "1.21.6",
	"credit": "Made with Blockbench",
	"texture_size": [32, 32],
	"textures": {
		"0": "item/smithing_templates/spire_armor_trim_smithing_template_3d",
		"particle": "item/smithing_templates/spire_armor_trim_smithing_template_3d"
	},
	"elements": [
		{
			"from": [6.25, 0, 3.5],
			"to": [7.25, 12, 12.5],
			"rotation": {"angle": 0, "axis": "y", "origin": [9.25, 0, 3.5]},
			"faces": {
				"north": {"uv": [2.5, 6, 3, 12], "texture": "#0"},
				"south": {"uv": [0, 6, 0.5, 12], "texture": "#0"},
				"west": {"uv": [4.5, 0, 9, 6], "texture": "#0"},
				"up": {"uv": [7.5, 6.5, 3, 6], "rotation": 90, "texture": "#0"},
				"down": {"uv": [7.5, 7.5, 3, 8], "rotation": 270, "texture": "#0"}
			}
		},
		{
			"from": [8.75, 4, 5.5],
			"to": [8.75, 9, 10.5],
			"rotation": {"angle": 0, "axis": "y", "origin": [8.25, 0, 3.5]},
			"faces": {
				"north": {"uv": [1.5, 6, 3, 12], "texture": "#0"},
				"east": {"uv": [3.5, 9.5, 6, 12], "texture": "#0"},
				"south": {"uv": [0, 6, 1.5, 12], "texture": "#0"},
				"west": {"uv": [4.5, 0, 9, 6], "texture": "#0"},
				"up": {"uv": [7.5, 7.5, 3, 6], "rotation": 90, "texture": "#0"},
				"down": {"uv": [7.5, 7.5, 3, 9], "rotation": 270, "texture": "#0"}
			}
		},
		{
			"from": [7.25, 0, 3.5],
			"to": [9.25, 12, 5.5],
			"rotation": {"angle": 0, "axis": "y", "origin": [9.25, 0, 3.5]},
			"faces": {
				"north": {"uv": [1.5, 6, 2.5, 12], "texture": "#0"},
				"east": {"uv": [3.5, 0, 4.5, 6], "texture": "#0"},
				"south": {"uv": [9, 0, 10, 6], "texture": "#0"},
				"up": {"uv": [0, 0, 1, 1], "rotation": 90, "texture": "#0"},
				"down": {"uv": [3, 8, 4, 9], "rotation": 270, "texture": "#0"}
			}
		},
		{
			"from": [7.25, 0, 10.5],
			"to": [9.25, 12, 12.5],
			"rotation": {"angle": 0, "axis": "y", "origin": [9.25, 0, 10.5]},
			"faces": {
				"north": {"uv": [10, 0, 11, 6], "texture": "#0"},
				"east": {"uv": [0, 0, 1, 6], "texture": "#0"},
				"south": {"uv": [0.5, 6, 1.5, 12], "texture": "#0"},
				"up": {"uv": [0, 0, 1, 1], "rotation": 90, "texture": "#0"},
				"down": {"uv": [6.5, 8, 7.5, 9], "rotation": 270, "texture": "#0"}
			}
		},
		{
			"from": [7.25, 0, 5.5],
			"to": [9.25, 4, 10.5],
			"rotation": {"angle": 0, "axis": "y", "origin": [9.25, 0, 5.5]},
			"faces": {
				"east": {"uv": [1, 4, 3.5, 6], "texture": "#0"},
				"up": {"uv": [7.5, 6.5, 10, 7], "rotation": 90, "texture": "#0"},
				"down": {"uv": [4, 8, 6.5, 9], "rotation": 270, "texture": "#0"}
			}
		},
		{
			"from": [7.25, 9, 5.5],
			"to": [9.25, 12, 10.5],
			"rotation": {"angle": 0, "axis": "y", "origin": [9.25, 9, 5.5]},
			"faces": {
				"east": {"uv": [1, 0, 3.5, 1.5], "texture": "#0"},
				"up": {"uv": [0, 0, 2.5, 1], "rotation": 90, "texture": "#0"},
				"down": {"uv": [7.5, 6, 10, 6.5], "rotation": 270, "texture": "#0"}
			}
		},
		{
			"from": [7.25, 6, 5.5],
			"to": [9.25, 7, 6.5],
			"rotation": {"angle": 0, "axis": "y", "origin": [9.25, 5, 5.5]},
			"faces": {
				"east": {"uv": [3, 2.5, 3.5, 3], "texture": "#0"},
				"south": {"uv": [8, 7, 8.5, 7.5], "texture": "#0"},
				"up": {"uv": [8, 7.5, 8.5, 7], "rotation": 90, "texture": "#0"},
				"down": {"uv": [8, 7.5, 8.5, 7], "rotation": 270, "texture": "#0"}
			}
		},
		{
			"from": [7.25, 6, 9.5],
			"to": [9.25, 7, 10.5],
			"rotation": {"angle": 0, "axis": "y", "origin": [9.25, 5, 9.5]},
			"faces": {
				"north": {"uv": [7.5, 7, 8, 7.5], "texture": "#0"},
				"east": {"uv": [1, 2.5, 1.5, 3], "texture": "#0"},
				"up": {"uv": [7.5, 7, 8, 7.5], "rotation": 90, "texture": "#0"},
				"down": {"uv": [7.5, 7, 8, 7.5], "rotation": 270, "texture": "#0"}
			}
		}
	],
	"display": {
		"firstperson_righthand": {
			"rotation": [153.89, 49.53, -160.61],
			"translation": [0.5, 4, 0.25],
			"scale": [0.53125, 0.53125, 0.53125]
		}
	},
	"groups": [
		{
			"name": "group",
			"origin": [3, 4, 6],
			"color": 0,
			"children": [0, 1, 2, 3, 4, 5, 6, 7]
		}
	]
}