{
	"format_version": "1.21.6",
	"credit": "Made with Blockbench",
	"texture_size": [32, 32],
	"textures": {
		"1": "item/bone_3d"
	},
	"elements": [
		{
			"name": "bone",
			"from": [6, 11, 4.5],
			"to": [10, 15, 7.5],
			"rotation": {"angle": 0, "axis": "y", "origin": [10, 11, 4.5]},
			"faces": {
				"north": {"uv": [3.5, 3.5, 5.5, 5.5], "texture": "#1"},
				"east": {"uv": [6.5, 0, 8, 2], "texture": "#1"},
				"south": {"uv": [1.5, 3.5, 3.5, 5.5], "texture": "#1"},
				"west": {"uv": [0, 7, 1.5, 9], "texture": "#1"},
				"up": {"uv": [3, 9.5, 1.5, 7.5], "rotation": 90, "texture": "#1"},
				"down": {"uv": [9, 2, 7.5, 4], "rotation": 270, "texture": "#1"}
			}
		},
		{
			"name": "bone",
			"from": [6, 11, 7.5],
			"to": [10, 14, 8.5],
			"rotation": {"angle": 0, "axis": "y", "origin": [10, 11, 4.5]},
			"faces": {
				"north": {"uv": [7.5, 4, 9.5, 5.5], "texture": "#1"},
				"east": {"uv": [4.5, 2, 5, 3.5], "texture": "#1"},
				"south": {"uv": [3, 7.5, 5, 9], "texture": "#1"},
				"west": {"uv": [5, 2, 5.5, 3.5], "texture": "#1"},
				"up": {"uv": [8.5, 11.5, 8, 9.5], "rotation": 90, "texture": "#1"},
				"down": {"uv": [9, 9.5, 8.5, 11.5], "rotation": 270, "texture": "#1"}
			}
		},
		{
			"name": "bone",
			"from": [6, 11, 8.5],
			"to": [10, 15, 11.5],
			"rotation": {"angle": 0, "axis": "y", "origin": [10, 11, 4.5]},
			"faces": {
				"north": {"uv": [1.5, 5.5, 3.5, 7.5], "texture": "#1"},
				"east": {"uv": [7.5, 5.5, 9, 7.5], "texture": "#1"},
				"south": {"uv": [4.5, 0, 6.5, 2], "texture": "#1"},
				"west": {"uv": [7.5, 7.5, 9, 9.5], "texture": "#1"},
				"up": {"uv": [9.5, 2, 8, 0], "rotation": 90, "texture": "#1"},
				"down": {"uv": [6.5, 8, 5, 10], "rotation": 270, "texture": "#1"}
			}
		},
		{
			"name": "bone",
			"from": [6.5, 4, 6.5],
			"to": [9.5, 11, 9.5],
			"rotation": {"angle": 0, "axis": "y", "origin": [9.5, 7, 6.5]},
			"faces": {
				"north": {"uv": [0, 3.5, 1.5, 7], "texture": "#1"},
				"east": {"uv": [0, 0, 1.5, 3.5], "texture": "#1"},
				"south": {"uv": [1.5, 0, 3, 3.5], "texture": "#1"},
				"west": {"uv": [3, 0, 4.5, 3.5], "texture": "#1"}
			}
		},
		{
			"name": "bone",
			"from": [6, 0, 4.5],
			"to": [10, 4, 7.5],
			"rotation": {"angle": 0, "axis": "y", "origin": [10, 0, 4.5]},
			"faces": {
				"north": {"uv": [3.5, 5.5, 5.5, 7.5], "texture": "#1"},
				"east": {"uv": [0, 9, 1.5, 11], "texture": "#1"},
				"south": {"uv": [5.5, 2, 7.5, 4], "texture": "#1"},
				"west": {"uv": [9, 2, 10.5, 4], "texture": "#1"},
				"up": {"uv": [4.5, 11, 3, 9], "rotation": 90, "texture": "#1"},
				"down": {"uv": [10.5, 5.5, 9, 7.5], "rotation": 270, "texture": "#1"}
			}
		},
		{
			"name": "bone",
			"from": [6, 1, 7.5],
			"to": [10, 4, 8.5],
			"rotation": {"angle": 0, "axis": "y", "origin": [10, 0, 4.5]},
			"faces": {
				"north": {"uv": [9, 9, 11, 10.5], "texture": "#1"},
				"east": {"uv": [6.5, 8, 7, 9.5], "texture": "#1"},
				"south": {"uv": [9, 7.5, 11, 9], "texture": "#1"},
				"west": {"uv": [7, 8, 7.5, 9.5], "texture": "#1"},
				"up": {"uv": [6.5, 12, 6, 10], "rotation": 90, "texture": "#1"},
				"down": {"uv": [11, 2, 10.5, 4], "rotation": 270, "texture": "#1"}
			}
		},
		{
			"name": "bone",
			"from": [6, 0, 8.5],
			"to": [10, 4, 11.5],
			"rotation": {"angle": 0, "axis": "y", "origin": [10, 0, 4.5]},
			"faces": {
				"north": {"uv": [5.5, 6, 7.5, 8], "texture": "#1"},
				"east": {"uv": [9.5, 0, 11, 2], "texture": "#1"},
				"south": {"uv": [5.5, 4, 7.5, 6], "texture": "#1"},
				"west": {"uv": [1.5, 9.5, 3, 11.5], "texture": "#1"},
				"up": {"uv": [8, 11.5, 6.5, 9.5], "rotation": 90, "texture": "#1"},
				"down": {"uv": [6, 10, 4.5, 12], "rotation": 270, "texture": "#1"}
			}
		}
	],
	"display": {
		"thirdperson_righthand": {
			"translation": [0, -0.5, 0.25],
			"scale": [0.5, 0.5, 0.5]
		},
		"thirdperson_lefthand": {
			"translation": [0, -0.5, 0.25],
			"scale": [0.5, 0.5, 0.5]
		},
		"firstperson_righthand": {
			"rotation": [0, 28, -16],
			"translation": [2.25, 2.75, 0],
			"scale": [0.5, 0.5, 0.5]
		},
		"firstperson_lefthand": {
			"rotation": [0, 28, -16],
			"translation": [2.25, 2.75, 0],
			"scale": [0.5, 0.5, 0.5]
		},
		"ground": {
			"translation": [0, 3.5, 0],
			"scale": [0.5, 0.5, 0.5]
		},
		"gui": {
			"rotation": [22.5, 135, 0],
			"scale": [0.85, 0.85, 0.85]
		},
		"head": {
			"rotation": [-180, 0, 90],
			"translation": [-0.25, 8, 0],
			"scale": [0.9, 0.9, 0.9]
		},
		"fixed": {
			"rotation": [0, 90, 0],
			"translation": [0, 0, 1]
		}
	},
	"groups": [
		{
			"name": "group",
			"origin": [4.5, 11, 6.5],
			"color": 0,
			"children": [0, 1, 2, 3, 4, 5, 6]
		}
	]
}