{
	"format_version": "1.21.6",
	"credit": "Made with Blockbench",
	"texture_size": [32, 32],
	"textures": {
		"0": "item/brown_egg_3d",
		"particle": "item/brown_egg_3d"
	},
	"elements": [
		{
			"from": [6, 0, 6],
			"to": [10, 6, 10],
			"rotation": {"angle": 0, "axis": "y", "origin": [6, 0, 6]},
			"faces": {
				"north": {"uv": [2.5, 0, 4.5, 3], "texture": "#0"},
				"east": {"uv": [2.5, 3, 4.5, 6], "texture": "#0"},
				"south": {"uv": [4.5, 0, 6.5, 3], "texture": "#0"},
				"west": {"uv": [4.5, 3, 6.5, 6], "texture": "#0"},
				"up": {"uv": [2, 7, 0, 5], "texture": "#0"},
				"down": {"uv": [4, 6, 2, 8], "texture": "#0"}
			}
		},
		{
			"from": [5.5, 1, 5.5],
			"to": [10.5, 4, 10.5],
			"rotation": {"angle": 0, "axis": "y", "origin": [6.5, 1, 6.5]},
			"faces": {
				"north": {"uv": [4, 6, 6.5, 7.5], "texture": "#0"},
				"east": {"uv": [6.5, 0, 9, 1.5], "texture": "#0"},
				"south": {"uv": [6.5, 1.5, 9, 3], "texture": "#0"},
				"west": {"uv": [6.5, 3, 9, 4.5], "texture": "#0"},
				"up": {"uv": [2.5, 2.5, 0, 0], "texture": "#0"},
				"down": {"uv": [2.5, 2.5, 0, 5], "texture": "#0"}
			}
		}
	],
	"display": {
		"thirdperson_righthand": {
			"rotation": [49, 0, 0],
			"translation": [0, 2, 2.25],
			"scale": [0.55, 0.55, 0.55]
		},
		"thirdperson_lefthand": {
			"rotation": [49, 0, 0],
			"translation": [0, 2, 2.25],
			"scale": [0.55, 0.55, 0.55]
		},
		"firstperson_righthand": {
			"rotation": [-9.24, 18.68, -12],
			"translation": [1, 5.75, 0.75],
			"scale": [0.6, 0.6, 0.6]
		},
		"firstperson_lefthand": {
			"rotation": [-9.24, 18.68, -12],
			"translation": [1, 5.75, 0.75],
			"scale": [0.6, 0.6, 0.6]
		},
		"ground": {
			"translation": [0, 3.75, 0],
			"scale": [0.7, 0.7, 0.7]
		},
		"gui": {
			"rotation": [22.5, 45, 0],
			"translation": [0, 6.75, 0],
			"scale": [1.5, 1.5, 1.5]
		},
		"head": {
			"translation": [0, 14.5, 0]
		},
		"fixed": {
			"translation": [0, 6.25, 0.75],
			"scale": [1.5, 1.5, 1.5]
		}
	}
}