{
	"format_version": "1.21.6",
	"credit": "Made with Blockbench",
	"texture_size": [32, 32],
	"textures": {
		"0": "item/clay_ball_3d",
		"particle": "item/clay_ball_3d"
	},
	"elements": [
		{
			"name": "middle",
			"from": [5.249, -0.001, 5.499],
			"to": [10.251, 5.001, 10.501],
			"rotation": {"angle": 0, "axis": "y", "origin": [8.25, 0, 8.5]},
			"faces": {
				"north": {"uv": [0, 0, 2.5, 2.5], "texture": "#0"},
				"east": {"uv": [0, 2.5, 2.5, 5], "texture": "#0"},
				"south": {"uv": [2.5, 0, 5, 2.5], "texture": "#0"},
				"west": {"uv": [2.5, 2.5, 5, 5], "texture": "#0"},
				"up": {"uv": [2.5, 7.5, 0, 5], "texture": "#0"},
				"down": {"uv": [7.5, 0, 5, 2.5], "texture": "#0"}
			}
		},
		{
			"name": "side1",
			"from": [4.25, 0, 4.5],
			"to": [8.25, 2, 7.5],
			"rotation": {"angle": 0, "axis": "y", "origin": [5.25, 0, 6.5]},
			"faces": {
				"north": {"uv": [4, 7, 6, 8], "texture": "#0"},
				"east": {"uv": [0, 7.5, 1.5, 8.5], "texture": "#0"},
				"south": {"uv": [6, 7, 8, 8], "texture": "#0"},
				"west": {"uv": [7.5, 0, 9, 1], "texture": "#0"},
				"up": {"uv": [4.5, 6.5, 2.5, 5], "texture": "#0"},
				"down": {"uv": [7, 2.5, 5, 4], "texture": "#0"}
			}
		},
		{
			"name": "side2",
			"from": [8.25, 0, 8.5],
			"to": [11.25, 3, 11.5],
			"rotation": {"angle": 0, "axis": "y", "origin": [9.25, 0, 10.5]},
			"faces": {
				"north": {"uv": [5, 4, 6.5, 5.5], "texture": "#0"},
				"east": {"uv": [4.5, 5.5, 6, 7], "texture": "#0"},
				"south": {"uv": [6, 5.5, 7.5, 7], "texture": "#0"},
				"west": {"uv": [2.5, 6.5, 4, 8], "texture": "#0"},
				"up": {"uv": [8, 5.5, 6.5, 4], "texture": "#0"},
				"down": {"uv": [8.5, 2.5, 7, 4], "texture": "#0"}
			}
		}
	],
	"display": {
		"thirdperson_righthand": {
			"rotation": [21, 0, 0],
			"translation": [0, 2.75, 0.75],
			"scale": [0.45, 0.45, 0.45]
		},
		"thirdperson_lefthand": {
			"rotation": [21, -90, 0],
			"translation": [0, 2.75, 0.75],
			"scale": [0.45, 0.45, 0.45]
		},
		"firstperson_righthand": {
			"translation": [-1.5, 6.75, 3.5],
			"scale": [0.5, 0.5, 0.5]
		},
		"firstperson_lefthand": {
			"rotation": [0, 90, 0],
			"translation": [-1.5, 6.75, 3.5],
			"scale": [0.5, 0.5, 0.5]
		},
		"ground": {
			"translation": [0, 2.75, 0],
			"scale": [0.6, 0.6, 0.6]
		},
		"gui": {
			"rotation": [22.5, 45, 0],
			"translation": [0, 5.75, 0],
			"scale": [1.3, 1.3, 1.3]
		},
		"head": {
			"translation": [0, 14.25, 0]
		},
		"fixed": {
			"rotation": [0, 90, 0],
			"translation": [-0.75, 7.5, 2.5],
			"scale": [1.5, 1.5, 1.5]
		}
	},
	"groups": [
		{
			"name": "clay_ball",
			"origin": [7, 0, 6],
			"color": 0,
			"children": [0, 1, 2]
		}
	]
}