{
	"format_version": "1.21.6",
	"credit": "cyberia was here",
	"texture_size": [32, 32],
	"textures": {
		"1": "item/ender_eye_3d"
	},
	"elements": [
		{
			"from": [4.5, 0, 4.5],
			"to": [11.5, 7, 11.5],
			"light_emission": 15,
			"rotation": {"angle": 0, "axis": "y", "origin": [8, 3.5, 8]},
			"faces": {
				"north": {"uv": [0, 0, 3.5, 3.5], "texture": "#1"},
				"east": {"uv": [0, 3.5, 3.5, 7], "texture": "#1"},
				"south": {"uv": [3.5, 0, 7, 3.5], "texture": "#1"},
				"west": {"uv": [3.5, 3.5, 7, 7], "texture": "#1"},
				"up": {"uv": [3.5, 10.5, 0, 7], "texture": "#1"},
				"down": {"uv": [10.5, 0, 7, 3.5], "texture": "#1"}
			}
		},
		{
			"from": [11.8, 7.3, 11.8],
			"to": [4.2, -0.3, 4.2],
			"light_emission": 15,
			"rotation": {"angle": 0, "axis": "y", "origin": [7.7, 3.2, 7.7]},
			"faces": {
				"north": {"uv": [3.5, 7.5, 4, 8], "texture": "#1"},
				"east": {"uv": [3.5, 7.5, 4, 8], "texture": "#1"},
				"south": {"uv": [3.5, 7.5, 4, 8], "texture": "#1"},
				"west": {"uv": [3.5, 7.5, 4, 8], "texture": "#1"},
				"up": {"uv": [3.5, 7.5, 4, 8], "texture": "#1"},
				"down": {"uv": [3.5, 7.5, 4, 8], "texture": "#1"}
			}
		}
	],
	"display": {
		"thirdperson_righthand": {
			"rotation": [-90, 90, 0],
			"translation": [0, 1.65, -0.25],
			"scale": [0.4, 0.4, 0.4]
		},
		"thirdperson_lefthand": {
			"rotation": [-90, -90, 0],
			"translation": [0, 1.65, -0.25],
			"scale": [0.4, 0.4, 0.4]
		},
		"firstperson_righthand": {
			"rotation": [0, 50, 0],
			"translation": [-1.75, 7.25, 3],
			"scale": [0.4, 0.4, 0.4]
		},
		"firstperson_lefthand": {
			"rotation": [0, -130, 0],
			"translation": [-1.75, 7.25, 3],
			"scale": [0.4, 0.4, 0.4]
		},
		"ground": {
			"rotation": [0, -90, 0],
			"translation": [0, 2.5, 0],
			"scale": [0.5, 0.5, 0.5]
		},
		"gui": {
			"rotation": [22.5, 45, 0],
			"translation": [0, 3.5, 0]
		},
		"head": {
			"rotation": [0, -90, 0],
			"translation": [0, 12.75, 0],
			"scale": [0.65, 0.65, 0.65]
		},
		"fixed": {
			"rotation": [0, -90, 0],
			"translation": [0, 3.75, 0.75]
		}
	},
	"groups": [
		{
			"name": "group",
			"origin": [12, 7, 7],
			"color": 0,
			"children": [0, 1]
		}
	]
}