{
	"format_version": "1.21.6",
	"credit": "cyberia was here",
	"texture_size": [32, 32],
	"textures": {
		"1": "item/ender_pearl_3d"
	},
	"elements": [
		{
			"from": [11.5, 7, 11.5],
			"to": [4.5, 0, 4.5],
			"light_emission": 15,
			"rotation": {"angle": 0, "axis": "y", "origin": [8, 3.5, 8]},
			"faces": {
				"north": {"uv": [0.35, 0.35, 0.7, 0], "texture": "#1"},
				"east": {"uv": [0.35, 0.7, 0.7, 0.35], "texture": "#1"},
				"south": {"uv": [0, 0.35, 0.35, 0], "texture": "#1"},
				"west": {"uv": [0, 0.7, 0.35, 0.35], "texture": "#1"},
				"up": {"uv": [0.35, 0.7, 0, 1.05], "rotation": 180, "texture": "#1"},
				"down": {"uv": [1.05, 0.35, 0.7, 0], "rotation": 180, "texture": "#1"}
			}
		},
		{
			"from": [4.5, 0, 4.5],
			"to": [11.5, 7, 11.5],
			"light_emission": 15,
			"rotation": {"angle": 0, "axis": "y", "origin": [8, 3.5, 8]},
			"faces": {
				"north": {"uv": [0, 1.05, 0.35, 1.4], "texture": "#1"},
				"east": {"uv": [0, 1.4, 0.35, 1.75], "texture": "#1"},
				"south": {"uv": [0.35, 1.05, 0.7, 1.4], "texture": "#1"},
				"west": {"uv": [0.35, 1.4, 0.7, 1.75], "texture": "#1"},
				"up": {"uv": [0.35, 2.1, 0, 1.75], "texture": "#1"},
				"down": {"uv": [1.05, 1.05, 0.7, 1.4], "texture": "#1"}
			}
		},
		{
			"from": [11.75, 7.25, 11.75],
			"to": [4.25, -0.25, 4.25],
			"light_emission": 15,
			"rotation": {"angle": 0, "axis": "y", "origin": [11.8, 6.8, 6.8]},
			"faces": {
				"north": {"uv": [0.35, 0.75, 0.4, 0.8], "texture": "#1"},
				"east": {"uv": [0.35, 0.75, 0.4, 0.8], "texture": "#1"},
				"south": {"uv": [0.35, 0.75, 0.4, 0.8], "texture": "#1"},
				"west": {"uv": [0.35, 0.75, 0.4, 0.8], "texture": "#1"},
				"up": {"uv": [0.35, 0.75, 0.4, 0.8], "texture": "#1"},
				"down": {"uv": [0.35, 0.75, 0.4, 0.8], "texture": "#1"}
			}
		},
		{
			"from": [5.5, 1, 5.5],
			"to": [10.5, 6, 10.5],
			"light_emission": 15,
			"rotation": {"angle": 0, "axis": "y", "origin": [7, 2, 7]},
			"faces": {
				"north": {"uv": [0.35, 0.8, 0.4, 0.85], "texture": "#1"},
				"east": {"uv": [0.35, 0.8, 0.4, 0.85], "texture": "#1"},
				"south": {"uv": [0.35, 0.8, 0.4, 0.85], "texture": "#1"},
				"west": {"uv": [0.35, 0.8, 0.4, 0.85], "texture": "#1"},
				"up": {"uv": [0.35, 0.8, 0.4, 0.85], "texture": "#1"},
				"down": {"uv": [0.35, 0.8, 0.4, 0.85], "texture": "#1"}
			}
		}
	],
	"display": {
		"thirdperson_righthand": {
			"rotation": [-90, 90, 0],
			"translation": [0, 1.65, -0.25],
			"scale": [0.4, 0.4, 0.4]
		},
		"thirdperson_lefthand": {
			"rotation": [-90, -90, 0],
			"translation": [0, 1.65, -0.25],
			"scale": [0.4, 0.4, 0.4]
		},
		"firstperson_righthand": {
			"rotation": [0, 50, 0],
			"translation": [-1.75, 7.25, 3],
			"scale": [0.4, 0.4, 0.4]
		},
		"firstperson_lefthand": {
			"rotation": [0, -130, 0],
			"translation": [-1.75, 7.25, 3],
			"scale": [0.4, 0.4, 0.4]
		},
		"ground": {
			"rotation": [0, -90, 0],
			"translation": [0, 2.5, 0],
			"scale": [0.5, 0.5, 0.5]
		},
		"gui": {
			"rotation": [22.5, 45, 0],
			"translation": [0, 4.5, 0]
		},
		"head": {
			"rotation": [0, -90, 0],
			"translation": [0, 12.75, 0],
			"scale": [0.65, 0.65, 0.65]
		},
		"fixed": {
			"rotation": [0, -90, 0],
			"translation": [0, 3.75, 0.75]
		}
	},
	"groups": [
		{
			"name": "group",
			"origin": [12, 7, 7],
			"color": 0,
			"children": [0, 1, 2, 3]
		}
	]
}