{
	"format_version": "1.21.6",
	"credit": "Made with Blockbench",
	"textures": {
		"0": "item/feather_3d",
		"particle": "item/feather_3d"
	},
	"elements": [
		{
			"from": [5.5, 8, 7.69612],
			"to": [10.5, 15, 7.69612],
			"rotation": {"angle": 10, "axis": "x", "origin": [8, 8, 7.69612]},
			"faces": {
				"north": {"uv": [0, 0, 5, 7], "texture": "#0"},
				"east": {"uv": [0, 0, 0, 7], "texture": "#0"},
				"south": {"uv": [5, 0, 0, 7], "texture": "#0"},
				"west": {"uv": [0, 0, 0, 7], "texture": "#0"},
				"up": {"uv": [5, 0, 0, 0], "texture": "#0"},
				"down": {"uv": [5, 0, 0, 0], "texture": "#0"}
			}
		},
		{
			"from": [5.5, 2, 7.69612],
			"to": [10.5, 8, 7.69612],
			"rotation": {"angle": 0, "axis": "y", "origin": [8, 8, 7.69612]},
			"faces": {
				"north": {"uv": [0, 7, 5, 13], "texture": "#0"},
				"east": {"uv": [0, 0, 0, 6], "texture": "#0"},
				"south": {"uv": [5, 7, 0, 13], "texture": "#0"},
				"west": {"uv": [0, 0, 0, 6], "texture": "#0"},
				"up": {"uv": [5, 0, 0, 0], "texture": "#0"},
				"down": {"uv": [5, 0, 0, 0], "texture": "#0"}
			}
		},
		{
			"from": [7.49, 1.99, 7.43612],
			"to": [8.51, 8.01, 7.95612],
			"rotation": {"angle": 0, "axis": "y", "origin": [7.5, 2, 7.19612]},
			"faces": {
				"north": {"uv": [2, 7, 3, 13], "texture": "#0"},
				"east": {"uv": [2, 7, 3, 13], "texture": "#0"},
				"south": {"uv": [2, 7, 3, 13], "texture": "#0"},
				"west": {"uv": [2, 7, 3, 13], "texture": "#0"},
				"up": {"uv": [2, 8, 3, 9], "texture": "#0"},
				"down": {"uv": [2, 12, 3, 13], "texture": "#0"}
			}
		},
		{
			"from": [7.5, 8, 7.44612],
			"to": [8.5, 13.1, 7.94612],
			"rotation": {"angle": 10, "axis": "x", "origin": [7.5, 8, 7.19612]},
			"faces": {
				"north": {"uv": [2, 2, 3, 7], "texture": "#0"},
				"east": {"uv": [2, 2, 3, 7], "texture": "#0"},
				"south": {"uv": [2, 2, 3, 7], "texture": "#0"},
				"west": {"uv": [2, 2, 3, 7], "texture": "#0"},
				"up": {"uv": [2, 2, 3, 3], "texture": "#0"},
				"down": {"uv": [0, 0, 1, 1], "texture": "#missing"}
			}
		}
	],
	"display": {
		"thirdperson_righthand": {
			"rotation": [10, 0, 0],
			"translation": [0, 2.5, 1.5],
			"scale": [0.61328, 0.61328, 0.61328]
		},
		"thirdperson_lefthand": {
			"rotation": [10, 0, 0],
			"translation": [0, 2.5, 1.5],
			"scale": [0.61328, 0.61328, 0.61328]
		},
		"firstperson_righthand": {
			"rotation": [148.65, 58.16, -149.09],
			"translation": [2.75, 3.25, -0.25],
			"scale": [0.64844, 0.64844, 0.64844]
		},
		"firstperson_lefthand": {
			"rotation": [129.14, 69.25, -127.5],
			"translation": [2.75, 3.25, -0.25],
			"scale": [0.64844, 0.64844, 0.64844]
		},
		"ground": {
			"rotation": [83, 0, 0],
			"translation": [0, -1.5, 0],
			"scale": [0.65, 0.65, 0.65]
		},
		"gui": {
			"rotation": [157.57, 21.77, -153.51],
			"translation": [0.5, 0, 0],
			"scale": [1.18359, 1.18359, 1.18359]
		},
		"head": {
			"rotation": [6.75, 0, 0],
			"translation": [-0.5, 11.75, 0]
		},
		"fixed": {
			"rotation": [-4.5, 0, 0],
			"translation": [-0.5, -0.5, 0],
			"scale": [1.24219, 1.24219, 1.24219]
		}
	}
}