{
	"format_version": "1.21.6",
	"credit": "cyberia was here",
	"texture_size": [32, 32],
	"textures": {
		"1": "item/fire_charge_3d",
		"2": "item/fire_charge_outline_3d",
		"particle": "item/fire_charge_outline_3d"
	},
	"elements": [
		{
			"name": "core",
			"from": [5, 0.5, 5],
			"to": [11, 6.5, 11],
			"light_emission": 15,
			"rotation": {"angle": 0, "axis": "y", "origin": [5.5, 1, 5.5]},
			"faces": {
				"north": {"uv": [0, 0, 3, 3], "texture": "#1"},
				"east": {"uv": [3, 6, 0, 3], "texture": "#1"},
				"south": {"uv": [3, 0, 6, 3], "texture": "#1"},
				"west": {"uv": [3, 3, 6, 6], "texture": "#1"},
				"up": {"uv": [0, 6, 3, 9], "texture": "#1"},
				"down": {"uv": [9, 0, 6, 3], "texture": "#1"}
			}
		},
		{
			"name": "shell_outside",
			"from": [4.75, 0.25, 4.75],
			"to": [11.25, 6.75, 11.25],
			"light_emission": 15,
			"rotation": {"angle": 0, "axis": "y", "origin": [5.5, 1, 5.5]},
			"faces": {
				"north": {"uv": [3, 6, 6, 9], "texture": "#1"},
				"east": {"uv": [6, 3, 9, 6], "texture": "#1"},
				"south": {"uv": [6, 6, 9, 9], "texture": "#1"},
				"west": {"uv": [9, 3, 12, 6], "texture": "#1"},
				"up": {"uv": [12, 3, 9, 0], "texture": "#1"},
				"down": {"uv": [9, 6, 12, 9], "texture": "#1"}
			}
		},
		{
			"name": "shell_inside",
			"from": [11.25, 6.75, 11.25],
			"to": [4.75, 0.25, 4.75],
			"light_emission": 15,
			"rotation": {"angle": 0, "axis": "y", "origin": [4.5, 0, 4.5]},
			"faces": {
				"north": {"uv": [6, 9, 9, 6], "texture": "#1"},
				"east": {"uv": [9, 6, 12, 3], "texture": "#1"},
				"south": {"uv": [3, 9, 6, 6], "texture": "#1"},
				"west": {"uv": [6, 6, 9, 3], "texture": "#1"},
				"up": {"uv": [12, 6, 9, 9], "texture": "#1"},
				"down": {"uv": [9, 3, 12, 0], "texture": "#1"}
			}
		},
		{
			"name": "shell_inside",
			"from": [11.5, 7, 11.5],
			"to": [4.5, 0, 4.5],
			"light_emission": 15,
			"rotation": {"angle": 0, "axis": "y", "origin": [4.5, 0, 4.5]},
			"faces": {
				"north": {"uv": [0, 9.5, 0.5, 9], "texture": "#1"},
				"east": {"uv": [0, 9.5, 0.5, 9], "texture": "#1"},
				"south": {"uv": [0, 9.5, 0.5, 9], "texture": "#1"},
				"west": {"uv": [0, 9.5, 0.5, 9], "texture": "#1"},
				"up": {"uv": [0.5, 9, 0, 9.5], "texture": "#1"},
				"down": {"uv": [0, 9.5, 0.5, 9], "texture": "#1"}
			}
		},
		{
			"name": "outline1",
			"from": [11.5, 7, 11.5],
			"to": [4.5, 0, 4.5],
			"light_emission": 15,
			"rotation": {"angle": 0, "axis": "y", "origin": [10.4, 4, 10.4]},
			"faces": {
				"north": {"uv": [0, 0, 1, 1], "texture": "#2"},
				"east": {"uv": [0, 0, 1, 1], "texture": "#2"},
				"south": {"uv": [0, 0, 1, 1], "texture": "#2"},
				"west": {"uv": [0, 0, 1, 1], "texture": "#2"},
				"up": {"uv": [0, 0, 1, 1], "texture": "#2"},
				"down": {"uv": [0, 0, 1, 1], "texture": "#2"}
			}
		},
		{
			"name": "outline2",
			"from": [11.505, 7.005, 11.505],
			"to": [4.495, -0.005, 4.495],
			"light_emission": 15,
			"rotation": {"angle": 0, "axis": "y", "origin": [10.4, 4, 10.4]},
			"faces": {
				"north": {"uv": [1, 0, 2, 1], "texture": "#2"},
				"east": {"uv": [1, 0, 2, 1], "texture": "#2"},
				"south": {"uv": [1, 0, 2, 1], "texture": "#2"},
				"west": {"uv": [1, 0, 2, 1], "texture": "#2"},
				"up": {"uv": [1, 0, 2, 1], "texture": "#2"},
				"down": {"uv": [1, 0, 2, 1], "texture": "#2"}
			}
		},
		{
			"name": "outline3",
			"from": [11.51, 7.01, 11.51],
			"to": [4.49, -0.01, 4.49],
			"light_emission": 15,
			"rotation": {"angle": 0, "axis": "y", "origin": [10.4, 4, 10.4]},
			"faces": {
				"north": {"uv": [2, 0, 3, 1], "texture": "#2"},
				"east": {"uv": [2, 0, 3, 1], "texture": "#2"},
				"south": {"uv": [2, 0, 3, 1], "texture": "#2"},
				"west": {"uv": [2, 0, 3, 1], "texture": "#2"},
				"up": {"uv": [2, 0, 3, 1], "texture": "#2"},
				"down": {"uv": [2, 0, 3, 1], "texture": "#2"}
			}
		},
		{
			"name": "outline4",
			"from": [11.515, 7.015, 11.515],
			"to": [4.485, -0.015, 4.485],
			"light_emission": 15,
			"rotation": {"angle": 0, "axis": "y", "origin": [10.4, 4, 10.4]},
			"faces": {
				"north": {"uv": [3, 0, 4, 1], "texture": "#2"},
				"east": {"uv": [3, 0, 4, 1], "texture": "#2"},
				"south": {"uv": [3, 0, 4, 1], "texture": "#2"},
				"west": {"uv": [3, 0, 4, 1], "texture": "#2"},
				"up": {"uv": [3, 0, 4, 1], "texture": "#2"},
				"down": {"uv": [3, 0, 4, 1], "texture": "#2"}
			}
		},
		{
			"name": "outline5",
			"from": [11.52, 7.02, 11.52],
			"to": [4.48, -0.02, 4.48],
			"light_emission": 15,
			"rotation": {"angle": 0, "axis": "y", "origin": [10.4, 4, 10.4]},
			"faces": {
				"north": {"uv": [4, 0, 5, 1], "texture": "#2"},
				"east": {"uv": [4, 0, 5, 1], "texture": "#2"},
				"south": {"uv": [4, 0, 5, 1], "texture": "#2"},
				"west": {"uv": [4, 0, 5, 1], "texture": "#2"},
				"up": {"uv": [4, 0, 5, 1], "texture": "#2"},
				"down": {"uv": [4, 0, 5, 1], "texture": "#2"}
			}
		},
		{
			"name": "outline6",
			"from": [11.525, 7.025, 11.525],
			"to": [4.475, -0.025, 4.475],
			"light_emission": 15,
			"rotation": {"angle": 0, "axis": "y", "origin": [10.4, 4, 10.4]},
			"faces": {
				"north": {"uv": [5, 0, 6, 1], "texture": "#2"},
				"east": {"uv": [5, 0, 6, 1], "texture": "#2"},
				"south": {"uv": [5, 0, 6, 1], "texture": "#2"},
				"west": {"uv": [5, 0, 6, 1], "texture": "#2"},
				"up": {"uv": [5, 0, 6, 1], "texture": "#2"},
				"down": {"uv": [5, 0, 6, 1], "texture": "#2"}
			}
		},
		{
			"name": "outline7",
			"from": [11.53, 7.03, 11.53],
			"to": [4.47, -0.03, 4.47],
			"light_emission": 15,
			"rotation": {"angle": 0, "axis": "y", "origin": [10.4, 4, 10.4]},
			"faces": {
				"north": {"uv": [6, 0, 7, 1], "texture": "#2"},
				"east": {"uv": [6, 0, 7, 1], "texture": "#2"},
				"south": {"uv": [6, 0, 7, 1], "texture": "#2"},
				"west": {"uv": [6, 0, 7, 1], "texture": "#2"},
				"up": {"uv": [6, 0, 7, 1], "texture": "#2"},
				"down": {"uv": [6, 0, 7, 1], "texture": "#2"}
			}
		},
		{
			"name": "outline8",
			"from": [11.535, 7.035, 11.535],
			"to": [4.465, -0.035, 4.465],
			"light_emission": 15,
			"rotation": {"angle": 0, "axis": "y", "origin": [10.4, 4, 10.4]},
			"faces": {
				"north": {"uv": [7, 0, 8, 1], "texture": "#2"},
				"east": {"uv": [7, 0, 8, 1], "texture": "#2"},
				"south": {"uv": [7, 0, 8, 1], "texture": "#2"},
				"west": {"uv": [7, 0, 8, 1], "texture": "#2"},
				"up": {"uv": [7, 0, 8, 1], "texture": "#2"},
				"down": {"uv": [7, 0, 8, 1], "texture": "#2"}
			}
		},
		{
			"name": "outline9",
			"from": [11.54, 7.04, 11.54],
			"to": [4.46, -0.04, 4.46],
			"light_emission": 15,
			"rotation": {"angle": 0, "axis": "y", "origin": [10.4, 4, 10.4]},
			"faces": {
				"north": {"uv": [8, 0, 9, 1], "texture": "#2"},
				"east": {"uv": [8, 0, 9, 1], "texture": "#2"},
				"south": {"uv": [8, 0, 9, 1], "texture": "#2"},
				"west": {"uv": [8, 0, 9, 1], "texture": "#2"},
				"up": {"uv": [8, 0, 9, 1], "texture": "#2"},
				"down": {"uv": [8, 0, 9, 1], "texture": "#2"}
			}
		},
		{
			"name": "outline10",
			"from": [11.545, 7.045, 11.545],
			"to": [4.455, -0.045, 4.455],
			"light_emission": 15,
			"rotation": {"angle": 0, "axis": "y", "origin": [10.4, 4, 10.4]},
			"faces": {
				"north": {"uv": [9, 0, 10, 1], "texture": "#2"},
				"east": {"uv": [9, 0, 10, 1], "texture": "#2"},
				"south": {"uv": [9, 0, 10, 1], "texture": "#2"},
				"west": {"uv": [9, 0, 10, 1], "texture": "#2"},
				"up": {"uv": [9, 0, 10, 1], "texture": "#2"},
				"down": {"uv": [9, 0, 10, 1], "texture": "#2"}
			}
		},
		{
			"name": "outline11",
			"from": [11.55, 7.05, 11.55],
			"to": [4.45, -0.05, 4.45],
			"light_emission": 15,
			"rotation": {"angle": 0, "axis": "y", "origin": [10.4, 4, 10.4]},
			"faces": {
				"north": {"uv": [10, 0, 11, 1], "texture": "#2"},
				"east": {"uv": [10, 0, 11, 1], "texture": "#2"},
				"south": {"uv": [10, 0, 11, 1], "texture": "#2"},
				"west": {"uv": [10, 0, 11, 1], "texture": "#2"},
				"up": {"uv": [10, 0, 11, 1], "texture": "#2"},
				"down": {"uv": [10, 0, 11, 1], "texture": "#2"}
			}
		},
		{
			"name": "outline12",
			"from": [11.555, 7.055, 11.555],
			"to": [4.445, -0.055, 4.445],
			"light_emission": 15,
			"rotation": {"angle": 0, "axis": "y", "origin": [10.4, 4, 10.4]},
			"faces": {
				"north": {"uv": [11, 0, 12, 1], "texture": "#2"},
				"east": {"uv": [11, 0, 12, 1], "texture": "#2"},
				"south": {"uv": [11, 0, 12, 1], "texture": "#2"},
				"west": {"uv": [11, 0, 12, 1], "texture": "#2"},
				"up": {"uv": [11, 0, 12, 1], "texture": "#2"},
				"down": {"uv": [11, 0, 12, 1], "texture": "#2"}
			}
		},
		{
			"name": "outline13",
			"from": [11.56, 7.06, 11.56],
			"to": [4.44, -0.06, 4.44],
			"light_emission": 15,
			"rotation": {"angle": 0, "axis": "y", "origin": [10.4, 4, 10.4]},
			"faces": {
				"north": {"uv": [12, 0, 13, 1], "texture": "#2"},
				"east": {"uv": [12, 0, 13, 1], "texture": "#2"},
				"south": {"uv": [12, 0, 13, 1], "texture": "#2"},
				"west": {"uv": [12, 0, 13, 1], "texture": "#2"},
				"up": {"uv": [12, 0, 13, 1], "texture": "#2"},
				"down": {"uv": [12, 0, 13, 1], "texture": "#2"}
			}
		},
		{
			"name": "outline14",
			"from": [11.565, 7.065, 11.565],
			"to": [4.435, -0.065, 4.435],
			"light_emission": 15,
			"rotation": {"angle": 0, "axis": "y", "origin": [10.4, 4, 10.4]},
			"faces": {
				"north": {"uv": [13, 0, 14, 1], "texture": "#2"},
				"east": {"uv": [13, 0, 14, 1], "texture": "#2"},
				"south": {"uv": [13, 0, 14, 1], "texture": "#2"},
				"west": {"uv": [13, 0, 14, 1], "texture": "#2"},
				"up": {"uv": [13, 0, 14, 1], "texture": "#2"},
				"down": {"uv": [13, 0, 14, 1], "texture": "#2"}
			}
		},
		{
			"name": "outline15",
			"from": [11.57, 7.07, 11.57],
			"to": [4.43, -0.07, 4.43],
			"light_emission": 15,
			"rotation": {"angle": 0, "axis": "y", "origin": [10.4, 4, 10.4]},
			"faces": {
				"north": {"uv": [14, 0, 15, 1], "texture": "#2"},
				"east": {"uv": [14, 0, 15, 1], "texture": "#2"},
				"south": {"uv": [14, 0, 15, 1], "texture": "#2"},
				"west": {"uv": [14, 0, 15, 1], "texture": "#2"},
				"up": {"uv": [14, 0, 15, 1], "texture": "#2"},
				"down": {"uv": [14, 0, 15, 1], "texture": "#2"}
			}
		},
		{
			"name": "outline16",
			"from": [11.575, 7.075, 11.575],
			"to": [4.425, -0.075, 4.425],
			"light_emission": 15,
			"rotation": {"angle": 0, "axis": "y", "origin": [10.4, 4, 10.4]},
			"faces": {
				"north": {"uv": [15, 0, 16, 1], "texture": "#2"},
				"east": {"uv": [15, 0, 16, 1], "texture": "#2"},
				"south": {"uv": [15, 0, 16, 1], "texture": "#2"},
				"west": {"uv": [15, 0, 16, 1], "texture": "#2"},
				"up": {"uv": [15, 0, 16, 1], "texture": "#2"},
				"down": {"uv": [15, 0, 16, 1], "texture": "#2"}
			}
		}
	],
	"display": {
		"thirdperson_righthand": {
			"rotation": [21, 0, 0],
			"translation": [0, 2.5, 0.5],
			"scale": [0.4, 0.4, 0.4]
		},
		"thirdperson_lefthand": {
			"rotation": [21, 0, 0],
			"translation": [0, 2.5, 0.5],
			"scale": [0.4, 0.4, 0.4]
		},
		"firstperson_righthand": {
			"rotation": [0, -90, 0],
			"translation": [-1.5, 6.5, 3.5],
			"scale": [0.5, 0.5, 0.5]
		},
		"firstperson_lefthand": {
			"rotation": [0, -90, 0],
			"translation": [-1.5, 6.5, 3.5],
			"scale": [0.5, 0.5, 0.5]
		},
		"ground": {
			"translation": [0, 2.75, 0],
			"scale": [0.6, 0.6, 0.6]
		},
		"gui": {
			"rotation": [22.5, 45, 0],
			"translation": [0, 5.25, 0],
			"scale": [1.2, 1.2, 1.2]
		},
		"head": {
			"translation": [0, 14.5, 0]
		},
		"fixed": {
			"translation": [0, 7.5, 2.5],
			"scale": [1.5, 1.5, 1.5]
		}
	},
	"groups": [
		{
			"name": "group",
			"origin": [5.5, 1, 5.5],
			"color": 0,
			"children": [0, 1, 2, 3]
		},
		{
			"name": "outline",
			"origin": [8, 8, 8],
			"color": 0,
			"children": [4, 5, 6, 7, 8, 9, 10, 11, 12, 13, 14, 15, 16, 17, 18, 19]
		}
	]
}