{
	"format_version": "1.21.6",
	"credit": "Made with Blockbench",
	"textures": {
		"0": "item/glow_ink_sac_3d",
		"particle": "item/glow_ink_sac_3d"
	},
	"elements": [
		{
			"from": [5, 7, 6.5],
			"to": [7, 11, 8.5],
			"light_emission": 15,
			"rotation": {"angle": 0, "axis": "z", "origin": [6, 6, 6.5]},
			"faces": {
				"north": {"uv": [0, 9, 2, 13], "texture": "#0"},
				"east": {"uv": [2, 9, 4, 13], "texture": "#0"},
				"south": {"uv": [9, 3, 11, 7], "texture": "#0"},
				"west": {"uv": [4, 9, 6, 13], "texture": "#0"},
				"up": {"uv": [8, 11, 6, 9], "texture": "#0"},
				"down": {"uv": [11, 7, 9, 9], "texture": "#0"}
			}
		},
		{
			"from": [6, 6, 6],
			"to": [12, 9, 9],
			"light_emission": 15,
			"rotation": {"angle": 0, "axis": "y", "origin": [1, 6, 2]},
			"faces": {
				"north": {"uv": [0, 0, 6, 3], "texture": "#0"},
				"east": {"uv": [6, 3, 9, 6], "texture": "#0"},
				"south": {"uv": [0, 3, 6, 6], "texture": "#0"},
				"west": {"uv": [6, 6, 9, 9], "texture": "#0"},
				"up": {"uv": [6, 9, 0, 6], "texture": "#0"},
				"down": {"uv": [12, 0, 6, 3], "texture": "#0"}
			}
		}
	],
	"display": {
		"thirdperson_righthand": {
			"rotation": [19, 37, 0],
			"translation": [0, 1, 3],
			"scale": [0.72656, 0.72656, 0.72656]
		},
		"thirdperson_lefthand": {
			"rotation": [19, 37, 0],
			"translation": [0, 1, 3],
			"scale": [0.72656, 0.72656, 0.72656]
		},
		"firstperson_righthand": {
			"rotation": [173.66, 31.12, -171.81],
			"translation": [0.75, 3, 0],
			"scale": [0.83985, 0.83985, 0.83985]
		},
		"firstperson_lefthand": {
			"rotation": [173.66, 31.12, -171.81],
			"translation": [0.5, 2.25, 0],
			"scale": [0.87305, 0.87305, 0.87305]
		},
		"ground": {
			"translation": [0, -1, 0]
		},
		"gui": {
			"rotation": [-165.73, -14.23, -170.25],
			"translation": [0.75, -0.25, 0],
			"scale": [1.62695, 1.62695, 1.62695]
		},
		"head": {
			"rotation": [0, -23.75, 0],
			"translation": [-1, 9.5, 0.25],
			"scale": [1.56055, 1.56055, 1.56055]
		},
		"fixed": {
			"translation": [-1.25, 0, 0.75],
			"scale": [2.22, 2.22, 2.22]
		}
	}
}