{
	"format_version": "1.21.6",
	"credit": "Made with Blockbench",
	"texture_size": [32, 32],
	"textures": {
		"0": "item/gunpowder_3d",
		"particle": "item/gunpowder_3d"
	},
	"elements": [
		{
			"from": [8.27156, 0.0001, 5.81774],
			"to": [10.27156, 3.0001, 7.81774],
			"rotation": {"angle": -10, "axis": "y", "origin": [9.27156, 0, 4.81774]},
			"faces": {
				"north": {"uv": [0, 9, 1, 10.5], "texture": "#0"},
				"east": {"uv": [9, 0, 10, 1.5], "texture": "#0"},
				"south": {"uv": [9, 1.5, 10, 3], "texture": "#0"},
				"west": {"uv": [9, 3, 10, 4.5], "texture": "#0"},
				"up": {"uv": [6, 7.5, 5, 6.5], "texture": "#0"},
				"down": {"uv": [5.5, 9, 4.5, 10], "texture": "#0"}
			}
		},
		{
			"from": [5.27156, 0, 4.81774],
			"to": [8.27156, 3, 7.81774],
			"rotation": {"angle": 17.5, "axis": "y", "origin": [5.27156, 0, 4.81774]},
			"faces": {
				"north": {"uv": [2, 5.5, 3.5, 7], "texture": "#0"},
				"east": {"uv": [0, 6, 1.5, 7.5], "texture": "#0"},
				"south": {"uv": [6, 0, 7.5, 1.5], "texture": "#0"},
				"west": {"uv": [6, 1.5, 7.5, 3], "texture": "#0"},
				"up": {"uv": [7.5, 4.5, 6, 3], "texture": "#0"},
				"down": {"uv": [7.5, 4.5, 6, 6], "texture": "#0"}
			}
		},
		{
			"from": [8.28156, 0.01, 3.82774],
			"to": [10.26156, 1.99, 5.80774],
			"rotation": {"angle": -12.5, "axis": "y", "origin": [10.27156, 0, 5.81774]},
			"faces": {
				"north": {"uv": [9, 4.5, 10, 5.5], "texture": "#0"},
				"east": {"uv": [5.5, 9, 6.5, 10], "texture": "#0"},
				"south": {"uv": [9, 5.5, 10, 6.5], "texture": "#0"},
				"west": {"uv": [6.5, 9, 7.5, 10], "texture": "#0"},
				"up": {"uv": [10, 7.5, 9, 6.5], "texture": "#0"},
				"down": {"uv": [8.5, 9, 7.5, 10], "texture": "#0"}
			}
		},
		{
			"from": [6.52156, 0.001, 8.81774],
			"to": [10.52156, 3.001, 11.81774],
			"rotation": {"angle": -40, "axis": "y", "origin": [10.52156, 0, 11.81774]},
			"faces": {
				"north": {"uv": [2, 4, 4, 5.5], "texture": "#0"},
				"east": {"uv": [6, 6, 7.5, 7.5], "texture": "#0"},
				"south": {"uv": [4, 2, 6, 3.5], "texture": "#0"},
				"west": {"uv": [3.5, 6.5, 5, 8], "texture": "#0"},
				"up": {"uv": [6, 5, 4, 3.5], "texture": "#0"},
				"down": {"uv": [6, 5, 4, 6.5], "texture": "#0"}
			}
		},
		{
			"from": [4.26156, -0.01, 5.80774],
			"to": [6.28156, 2.01, 7.82774],
			"rotation": {"angle": -12.5, "axis": "y", "origin": [6.27156, 0, 7.81774]},
			"faces": {
				"north": {"uv": [8.5, 9, 9.5, 10], "texture": "#0"},
				"east": {"uv": [3, 9.5, 4, 10.5], "texture": "#0"},
				"south": {"uv": [9.5, 7.5, 10.5, 8.5], "texture": "#0"},
				"west": {"uv": [9.5, 8.5, 10.5, 9.5], "texture": "#0"},
				"up": {"uv": [10.5, 10.5, 9.5, 9.5], "texture": "#0"},
				"down": {"uv": [11, 0, 10, 1], "texture": "#0"}
			}
		},
		{
			"from": [7.27156, 0, 10.56774],
			"to": [9.27156, 2, 12.56774],
			"rotation": {"angle": -12.5, "axis": "y", "origin": [9.27156, 0, 12.56774]},
			"faces": {
				"north": {"uv": [1, 10, 2, 11], "texture": "#0"},
				"east": {"uv": [10, 1, 11, 2], "texture": "#0"},
				"south": {"uv": [2, 10, 3, 11], "texture": "#0"},
				"west": {"uv": [10, 2, 11, 3], "texture": "#0"},
				"up": {"uv": [11, 4, 10, 3], "texture": "#0"},
				"down": {"uv": [5, 10, 4, 11], "texture": "#0"}
			}
		},
		{
			"from": [6.27156, 3, 5.81774],
			"to": [9.27156, 6, 8.81774],
			"rotation": {"angle": -22.5, "axis": "y", "origin": [8.27156, 3, 8.81774]},
			"faces": {
				"north": {"uv": [1.5, 7, 3, 8.5], "texture": "#0"},
				"east": {"uv": [0, 7.5, 1.5, 9], "texture": "#0"},
				"south": {"uv": [7.5, 0, 9, 1.5], "texture": "#0"},
				"west": {"uv": [7.5, 1.5, 9, 3], "texture": "#0"},
				"up": {"uv": [9, 4.5, 7.5, 3], "texture": "#0"},
				"down": {"uv": [9, 4.5, 7.5, 6], "texture": "#0"}
			}
		},
		{
			"from": [4.28156, 0.01, 6.82774],
			"to": [8.26156, 3.99, 10.80774],
			"rotation": {"angle": 37.5, "axis": "y", "origin": [7.27156, 0, 7.81774]},
			"faces": {
				"north": {"uv": [0, 0, 2, 2], "texture": "#0"},
				"east": {"uv": [0, 2, 2, 4], "texture": "#0"},
				"south": {"uv": [2, 0, 4, 2], "texture": "#0"},
				"west": {"uv": [2, 2, 4, 4], "texture": "#0"},
				"up": {"uv": [2, 6, 0, 4], "texture": "#0"},
				"down": {"uv": [6, 0, 4, 2], "texture": "#0"}
			}
		},
		{
			"from": [9.27156, 0, 4.81774],
			"to": [12.27156, 3, 7.81774],
			"rotation": {"angle": -10, "axis": "y", "origin": [9.27156, 0, 4.81774]},
			"faces": {
				"north": {"uv": [5, 7.5, 6.5, 9], "texture": "#0"},
				"east": {"uv": [7.5, 6, 9, 7.5], "texture": "#0"},
				"south": {"uv": [6.5, 7.5, 8, 9], "texture": "#0"},
				"west": {"uv": [3, 8, 4.5, 9.5], "texture": "#0"},
				"up": {"uv": [9.5, 9, 8, 7.5], "texture": "#0"},
				"down": {"uv": [3, 8.5, 1.5, 10], "texture": "#0"}
			}
		}
	],
	"display": {
		"thirdperson_righthand": {
			"rotation": [57, 114, 0],
			"translation": [0, 2, 2.25],
			"scale": [0.4, 0.4, 0.4]
		},
		"thirdperson_lefthand": {
			"rotation": [57, 114, 0],
			"translation": [0, 2, 2.25],
			"scale": [0.4, 0.4, 0.4]
		},
		"firstperson_righthand": {
			"rotation": [-180, -65, -180],
			"translation": [-0.75, 6.25, 1.75],
			"scale": [0.54883, 0.54883, 0.54883]
		},
		"firstperson_lefthand": {
			"rotation": [-180, 65, -180],
			"translation": [-0.75, 6.25, 1.75],
			"scale": [0.54883, 0.54883, 0.54883]
		},
		"ground": {
			"translation": [0, 3, 0],
			"scale": [0.5, 0.5, 0.5]
		},
		"gui": {
			"rotation": [30, -98, 0],
			"translation": [0, 6.5, 0],
			"scale": [1.38086, 1.38086, 1.38086]
		},
		"head": {
			"translation": [0, 14.4, 0]
		},
		"fixed": {
			"rotation": [-90, 0, 0],
			"translation": [-1, 0.25, -9.75],
			"scale": [1.57617, 1.57617, 1.57617]
		}
	},
	"groups": [
		{
			"name": "group",
			"origin": [9.27156, 0, 4.81774],
			"color": 0,
			"children": [0, 1, 2, 3, 4, 5, 6, 7, 8]
		}
	]
}