{
	"format_version": "1.21.6",
	"credit": "Made with Blockbench",
	"texture_size": [64, 64],
	"textures": {
		"0": "item/heart_of_the_sea_3d",
		"particle": "item/heart_of_the_sea_3d"
	},
	"elements": [
		{
			"from": [4, 4, 3],
			"to": [12, 7, 4],
			"rotation": {"angle": 0, "axis": "x", "origin": [8, 4, 3]},
			"faces": {
				"north": {"uv": [4.75, 6.75, 6.75, 7.5], "texture": "#0"},
				"east": {"uv": [8.25, 4.25, 8.5, 5], "texture": "#0"},
				"south": {"uv": [8, 9.5, 10, 10.25], "texture": "#0"},
				"west": {"uv": [6, 5.25, 6.25, 6], "texture": "#0"},
				"up": {"uv": [0, 2.25, 2, 2.5], "texture": "#0"},
				"down": {"uv": [7, 3.75, 9, 4], "texture": "#0"}
			}
		},
		{
			"from": [12, 4, 4],
			"to": [13, 7, 12],
			"rotation": {"angle": 0, "axis": "x", "origin": [8, 4, 3]},
			"faces": {
				"north": {"uv": [0, 6.75, 0.25, 7.5], "texture": "#0"},
				"east": {"uv": [7, 6.75, 9, 7.5], "texture": "#0"},
				"south": {"uv": [4.75, 6.75, 5, 7.5], "texture": "#0"},
				"west": {"uv": [8, 8, 10, 8.75], "texture": "#0"},
				"up": {"uv": [0, 2.5, 0.25, 4.5], "texture": "#0"},
				"down": {"uv": [8.5, 4.25, 8.75, 6.25], "texture": "#0"}
			}
		},
		{
			"from": [4, 4, 12],
			"to": [12, 7, 13],
			"rotation": {"angle": 0, "axis": "x", "origin": [8, 4, 3]},
			"faces": {
				"north": {"uv": [8, 10.25, 10, 11], "texture": "#0"},
				"east": {"uv": [6, 4.25, 6.25, 5], "texture": "#0"},
				"south": {"uv": [7, 2, 9, 2.75], "texture": "#0"},
				"west": {"uv": [8.25, 5.25, 8.5, 6], "texture": "#0"},
				"up": {"uv": [0, 0, 2, 0.25], "texture": "#0"},
				"down": {"uv": [7, 3.5, 9, 3.75], "texture": "#0"}
			}
		},
		{
			"from": [3, 4, 4],
			"to": [4, 7, 12],
			"rotation": {"angle": 0, "axis": "x", "origin": [8, 4, 3]},
			"faces": {
				"north": {"uv": [2.25, 6.75, 2.5, 7.5], "texture": "#0"},
				"east": {"uv": [8, 8.75, 10, 9.5], "texture": "#0"},
				"south": {"uv": [2.5, 6.75, 2.75, 7.5], "texture": "#0"},
				"west": {"uv": [0, 8, 2, 8.75], "texture": "#0"},
				"up": {"uv": [2.25, 2.5, 2.5, 4.5], "texture": "#0"},
				"down": {"uv": [8.75, 4.25, 9, 6.25], "texture": "#0"}
			}
		},
		{
			"from": [4, 7, 4],
			"to": [12, 9, 12],
			"rotation": {"angle": 0, "axis": "x", "origin": [8, 4, 3]},
			"faces": {
				"north": {"uv": [4, 0, 6, 0.5], "texture": "#0"},
				"east": {"uv": [0, 4.5, 2, 5], "texture": "#0"},
				"south": {"uv": [2, 4.5, 4, 5], "texture": "#0"},
				"west": {"uv": [4, 4.5, 6, 5], "texture": "#0"},
				"up": {"uv": [5, 2.25, 7, 4.25], "texture": "#0"},
				"down": {"uv": [6, 8, 8, 10], "texture": "#0"}
			}
		},
		{
			"from": [3, 2, 4],
			"to": [4, 4, 12],
			"rotation": {"angle": 0, "axis": "y", "origin": [8, 4, 4]},
			"faces": {
				"north": {"uv": [2.25, 7.5, 2.5, 8], "texture": "#0"},
				"east": {"uv": [4, 9, 6, 9.5], "texture": "#0"},
				"south": {"uv": [2.5, 7.5, 2.75, 8], "texture": "#0"},
				"west": {"uv": [0, 8.75, 2, 9.25], "texture": "#0"},
				"up": {"uv": [9, 4.25, 9.25, 6.25], "texture": "#0"},
				"down": {"uv": [2.75, 2.5, 3, 4.5], "texture": "#0"}
			}
		},
		{
			"from": [4, 0, 4],
			"to": [12, 2, 12],
			"rotation": {"angle": 0, "axis": "y", "origin": [8, 4, 4]},
			"faces": {
				"north": {"uv": [4, 1.75, 6, 2.25], "texture": "#0"},
				"east": {"uv": [0, 6.25, 2, 6.75], "texture": "#0"},
				"south": {"uv": [2, 6.25, 4, 6.75], "texture": "#0"},
				"west": {"uv": [4, 6.25, 6, 6.75], "texture": "#0"},
				"up": {"uv": [2, 8, 4, 10], "texture": "#0"},
				"down": {"uv": [6, 0, 8, 2], "texture": "#0"}
			}
		},
		{
			"from": [4, 2, 3],
			"to": [12, 4, 4],
			"rotation": {"angle": 0, "axis": "y", "origin": [8, 4, 4]},
			"faces": {
				"north": {"uv": [4.75, 7.5, 6.75, 8], "texture": "#0"},
				"east": {"uv": [8.25, 5, 8.5, 5.5], "texture": "#0"},
				"south": {"uv": [4, 8, 6, 8.5], "texture": "#0"},
				"west": {"uv": [6, 6.25, 6.25, 6.75], "texture": "#0"},
				"up": {"uv": [0, 9.5, 2, 9.75], "texture": "#0"},
				"down": {"uv": [2.75, 4.25, 4.75, 4.5], "texture": "#0"}
			}
		},
		{
			"from": [12, 2, 4],
			"to": [13, 4, 12],
			"rotation": {"angle": 0, "axis": "y", "origin": [8, 4, 4]},
			"faces": {
				"north": {"uv": [0, 7.5, 0.25, 8], "texture": "#0"},
				"east": {"uv": [7, 7.5, 9, 8], "texture": "#0"},
				"south": {"uv": [2.5, 7.5, 2.75, 8], "texture": "#0"},
				"west": {"uv": [4, 8.5, 6, 9], "texture": "#0"},
				"up": {"uv": [9.25, 4.25, 9.5, 6.25], "texture": "#0"},
				"down": {"uv": [4.5, 2.5, 4.75, 4.5], "texture": "#0"}
			}
		},
		{
			"from": [4, 2, 12],
			"to": [12, 4, 13],
			"rotation": {"angle": 0, "axis": "y", "origin": [8, 4, 4]},
			"faces": {
				"north": {"uv": [4, 9.5, 6, 10], "texture": "#0"},
				"east": {"uv": [6, 5, 6.25, 5.5], "texture": "#0"},
				"south": {"uv": [7, 2.75, 9, 3.25], "texture": "#0"},
				"west": {"uv": [8.25, 6.25, 8.5, 6.75], "texture": "#0"},
				"up": {"uv": [0, 9.75, 2, 10], "texture": "#0"},
				"down": {"uv": [2, 0, 4, 0.25], "texture": "#0"}
			}
		}
	],
	"display": {
		"thirdperson_righthand": {
			"rotation": [21, 0, 0],
			"translation": [0, 2.5, 0.5],
			"scale": [0.4, 0.4, 0.4]
		},
		"thirdperson_lefthand": {
			"rotation": [21, 0, 0],
			"translation": [0, 2.5, 0.5],
			"scale": [0.4, 0.4, 0.4]
		},
		"firstperson_righthand": {
			"rotation": [0, -90, 0],
			"translation": [-2.25, 6, 3.5],
			"scale": [0.35, 0.35, 0.35]
		},
		"firstperson_lefthand": {
			"rotation": [0, -90, 0],
			"translation": [-2.25, 6, 3.5],
			"scale": [0.35, 0.35, 0.35]
		},
		"ground": {
			"translation": [0, 2.75, 0],
			"scale": [0.6, 0.6, 0.6]
		},
		"gui": {
			"rotation": [30, 130, 0],
			"translation": [0, 2.25, 0],
			"scale": [0.9, 0.9, 0.9]
		},
		"head": {
			"translation": [0, 14.5, 0]
		},
		"fixed": {
			"translation": [0, 4.5, 2.5],
			"scale": [1.5, 1.5, 1.5]
		}
	},
	"groups": [
		{
			"name": "top",
			"origin": [10, 7, 3],
			"color": 0,
			"children": [0, 1, 2, 3, 4]
		},
		{
			"name": "bottom",
			"origin": [3, 5, 4],
			"color": 0,
			"children": [5, 6, 7, 8, 9]
		}
	]
}