{
	"format_version": "1.21.6",
	"credit": "Made with Blockbench",
	"texture_size": [32, 32],
	"textures": {
		"0": "item/honeycomb_3d",
		"particle": "item/honeycomb_3d"
	},
	"elements": [
		{
			"from": [4, 7, 12],
			"to": [6, 9, 13],
			"rotation": {"angle": 0, "axis": "y", "origin": [3, 7, 12]},
			"faces": {
				"north": {"uv": [7, 6, 8, 7], "texture": "#0"},
				"east": {"uv": [10.5, 2.5, 11, 3.5], "texture": "#0"},
				"south": {"uv": [7, 7, 8, 8], "texture": "#0"},
				"west": {"uv": [4, 10.5, 4.5, 11.5], "texture": "#0"},
				"up": {"uv": [11.5, 4, 10.5, 3.5], "texture": "#0"},
				"down": {"uv": [5.5, 10.5, 4.5, 11], "texture": "#0"}
			}
		},
		{
			"from": [7, 7, 6],
			"to": [9, 9, 7],
			"rotation": {"angle": 0, "axis": "y", "origin": [6, 7, 6]},
			"faces": {
				"north": {"uv": [7.5, 0, 8.5, 1], "texture": "#0"},
				"east": {"uv": [5.5, 10.5, 6, 11.5], "texture": "#0"},
				"south": {"uv": [7.5, 1, 8.5, 2], "texture": "#0"},
				"west": {"uv": [6, 10.5, 6.5, 11.5], "texture": "#0"},
				"up": {"uv": [7.5, 11, 6.5, 10.5], "texture": "#0"},
				"down": {"uv": [8.5, 10.5, 7.5, 11], "texture": "#0"}
			}
		},
		{
			"from": [10, 7, 9],
			"to": [12, 9, 10],
			"rotation": {"angle": 0, "axis": "y", "origin": [9, 7, 9]},
			"faces": {
				"north": {"uv": [7.5, 2, 8.5, 3], "texture": "#0"},
				"east": {"uv": [8.5, 10.5, 9, 11.5], "texture": "#0"},
				"south": {"uv": [7.5, 3, 8.5, 4], "texture": "#0"},
				"west": {"uv": [10.5, 9, 11, 10], "texture": "#0"},
				"up": {"uv": [10.5, 11, 9.5, 10.5], "texture": "#0"},
				"down": {"uv": [11.5, 10, 10.5, 10.5], "texture": "#0"}
			}
		},
		{
			"from": [12, 7, 9],
			"to": [13, 9, 13],
			"rotation": {"angle": 0, "axis": "y", "origin": [12, 7, 9]},
			"faces": {
				"north": {"uv": [10.5, 10.5, 11, 11.5], "texture": "#0"},
				"east": {"uv": [2, 4, 4, 5], "texture": "#0"},
				"south": {"uv": [11, 0, 11.5, 1], "texture": "#0"},
				"west": {"uv": [4, 4, 6, 5], "texture": "#0"},
				"up": {"uv": [2.5, 10, 2, 8], "texture": "#0"},
				"down": {"uv": [3, 8, 2.5, 10], "texture": "#0"}
			}
		},
		{
			"from": [10, 7, 12],
			"to": [12, 9, 13],
			"rotation": {"angle": 0, "axis": "y", "origin": [9, 7, 12]},
			"faces": {
				"north": {"uv": [3, 8, 4, 9], "texture": "#0"},
				"east": {"uv": [1, 11, 1.5, 12], "texture": "#0"},
				"south": {"uv": [4, 8, 5, 9], "texture": "#0"},
				"west": {"uv": [11, 1, 11.5, 2], "texture": "#0"},
				"up": {"uv": [2.5, 11.5, 1.5, 11], "texture": "#0"},
				"down": {"uv": [3.5, 11, 2.5, 11.5], "texture": "#0"}
			}
		},
		{
			"from": [6, 7, 3],
			"to": [7, 9, 14],
			"rotation": {"angle": 0, "axis": "y", "origin": [6, 7, 10]},
			"faces": {
				"north": {"uv": [11, 2.5, 11.5, 3.5], "texture": "#0"},
				"east": {"uv": [0, 0, 5.5, 1], "texture": "#0"},
				"south": {"uv": [3.5, 11, 4, 12], "texture": "#0"},
				"west": {"uv": [0, 1, 5.5, 2], "texture": "#0"},
				"up": {"uv": [0.5, 9.5, 0, 4], "texture": "#0"},
				"down": {"uv": [1, 4, 0.5, 9.5], "texture": "#0"}
			}
		},
		{
			"from": [7, 7, 9],
			"to": [9, 9, 11],
			"rotation": {"angle": 0, "axis": "y", "origin": [6, 7, 10]},
			"faces": {
				"north": {"uv": [8, 4, 9, 5], "texture": "#0"},
				"east": {"uv": [5, 8, 6, 9], "texture": "#0"},
				"south": {"uv": [8, 5, 9, 6], "texture": "#0"},
				"west": {"uv": [6, 8, 7, 9], "texture": "#0"},
				"up": {"uv": [9, 7, 8, 6], "texture": "#0"},
				"down": {"uv": [8, 8, 7, 9], "texture": "#0"}
			}
		},
		{
			"from": [9, 7, 3],
			"to": [10, 9, 14],
			"rotation": {"angle": 0, "axis": "y", "origin": [9, 7, 10]},
			"faces": {
				"north": {"uv": [11, 4, 11.5, 5], "texture": "#0"},
				"east": {"uv": [0, 2, 5.5, 3], "texture": "#0"},
				"south": {"uv": [4.5, 11, 5, 12], "texture": "#0"},
				"west": {"uv": [0, 3, 5.5, 4], "texture": "#0"},
				"up": {"uv": [1.5, 9.5, 1, 4], "texture": "#0"},
				"down": {"uv": [2, 4, 1.5, 9.5], "texture": "#0"}
			}
		},
		{
			"from": [7, 7, 13],
			"to": [9, 9, 14],
			"rotation": {"angle": 0, "axis": "y", "origin": [6, 7, 13]},
			"faces": {
				"north": {"uv": [8, 7, 9, 8], "texture": "#0"},
				"east": {"uv": [5, 11, 5.5, 12], "texture": "#0"},
				"south": {"uv": [8, 8, 9, 9], "texture": "#0"},
				"west": {"uv": [11, 5, 11.5, 6], "texture": "#0"},
				"up": {"uv": [12, 6.5, 11, 6], "texture": "#0"},
				"down": {"uv": [7.5, 11, 6.5, 11.5], "texture": "#0"}
			}
		},
		{
			"from": [7, 7, 3],
			"to": [9, 9, 4],
			"rotation": {"angle": 0, "axis": "y", "origin": [6, 7, 3]},
			"faces": {
				"north": {"uv": [8.5, 0, 9.5, 1], "texture": "#0"},
				"east": {"uv": [11, 6.5, 11.5, 7.5], "texture": "#0"},
				"south": {"uv": [8.5, 1, 9.5, 2], "texture": "#0"},
				"west": {"uv": [7.5, 11, 8, 12], "texture": "#0"},
				"up": {"uv": [12, 8, 11, 7.5], "texture": "#0"},
				"down": {"uv": [12, 8, 11, 8.5], "texture": "#0"}
			}
		},
		{
			"from": [10, 7, 4],
			"to": [12, 9, 5],
			"rotation": {"angle": 0, "axis": "y", "origin": [9, 7, 4]},
			"faces": {
				"north": {"uv": [8.5, 2, 9.5, 3], "texture": "#0"},
				"east": {"uv": [8, 11, 8.5, 12], "texture": "#0"},
				"south": {"uv": [8.5, 3, 9.5, 4], "texture": "#0"},
				"west": {"uv": [11, 8.5, 11.5, 9.5], "texture": "#0"},
				"up": {"uv": [10, 11.5, 9, 11], "texture": "#0"},
				"down": {"uv": [12, 9.5, 11, 10], "texture": "#0"}
			}
		},
		{
			"from": [12, 7, 4],
			"to": [13, 9, 8],
			"rotation": {"angle": 0, "axis": "y", "origin": [12, 7, 4]},
			"faces": {
				"north": {"uv": [10, 11, 10.5, 12], "texture": "#0"},
				"east": {"uv": [2, 5, 4, 6], "texture": "#0"},
				"south": {"uv": [11, 10.5, 11.5, 11.5], "texture": "#0"},
				"west": {"uv": [4, 5, 6, 6], "texture": "#0"},
				"up": {"uv": [3.5, 11, 3, 9], "texture": "#0"},
				"down": {"uv": [4, 9, 3.5, 11], "texture": "#0"}
			}
		},
		{
			"from": [10, 7, 7],
			"to": [12, 9, 8],
			"rotation": {"angle": 0, "axis": "y", "origin": [9, 7, 7]},
			"faces": {
				"north": {"uv": [4, 9, 5, 10], "texture": "#0"},
				"east": {"uv": [0, 11.5, 0.5, 12.5], "texture": "#0"},
				"south": {"uv": [9, 4, 10, 5], "texture": "#0"},
				"west": {"uv": [11.5, 0, 12, 1], "texture": "#0"},
				"up": {"uv": [12.5, 1.5, 11.5, 1], "texture": "#0"},
				"down": {"uv": [2.5, 11.5, 1.5, 12], "texture": "#0"}
			}
		},
		{
			"from": [4, 7, 4],
			"to": [6, 9, 5],
			"rotation": {"angle": 0, "axis": "y", "origin": [3, 7, 4]},
			"faces": {
				"north": {"uv": [5, 9, 6, 10], "texture": "#0"},
				"east": {"uv": [0.5, 11.5, 1, 12.5], "texture": "#0"},
				"south": {"uv": [9, 5, 10, 6], "texture": "#0"},
				"west": {"uv": [11.5, 1.5, 12, 2.5], "texture": "#0"},
				"up": {"uv": [3.5, 12, 2.5, 11.5], "texture": "#0"},
				"down": {"uv": [12.5, 2.5, 11.5, 3], "texture": "#0"}
			}
		},
		{
			"from": [4, 7, 7],
			"to": [6, 9, 8],
			"rotation": {"angle": 0, "axis": "y", "origin": [3, 7, 7]},
			"faces": {
				"north": {"uv": [6, 9, 7, 10], "texture": "#0"},
				"east": {"uv": [11.5, 3, 12, 4], "texture": "#0"},
				"south": {"uv": [9, 6, 10, 7], "texture": "#0"},
				"west": {"uv": [4, 11.5, 4.5, 12.5], "texture": "#0"},
				"up": {"uv": [12.5, 4.5, 11.5, 4], "texture": "#0"},
				"down": {"uv": [12.5, 4.5, 11.5, 5], "texture": "#0"}
			}
		},
		{
			"from": [4, 7, 8],
			"to": [6, 9, 9],
			"rotation": {"angle": 0, "axis": "y", "origin": [3, 7, 8]},
			"faces": {
				"north": {"uv": [7, 9, 8, 10], "texture": "#0"},
				"east": {"uv": [11.5, 5, 12, 6], "texture": "#0"},
				"south": {"uv": [9, 7, 10, 8], "texture": "#0"},
				"west": {"uv": [5.5, 11.5, 6, 12.5], "texture": "#0"},
				"up": {"uv": [7, 12, 6, 11.5], "texture": "#0"},
				"down": {"uv": [12.5, 6.5, 11.5, 7], "texture": "#0"}
			}
		},
		{
			"from": [10, 7, 8],
			"to": [12, 9, 9],
			"rotation": {"angle": 0, "axis": "y", "origin": [9, 7, 8]},
			"faces": {
				"north": {"uv": [8, 9, 9, 10], "texture": "#0"},
				"east": {"uv": [7, 11.5, 7.5, 12.5], "texture": "#0"},
				"south": {"uv": [9, 8, 10, 9], "texture": "#0"},
				"west": {"uv": [8.5, 11.5, 9, 12.5], "texture": "#0"},
				"up": {"uv": [12.5, 7.5, 11.5, 7], "texture": "#0"},
				"down": {"uv": [12.5, 8.5, 11.5, 9], "texture": "#0"}
			}
		},
		{
			"from": [3, 7, 4],
			"to": [4, 9, 8],
			"rotation": {"angle": 0, "axis": "y", "origin": [3, 7, 4]},
			"faces": {
				"north": {"uv": [9, 11.5, 9.5, 12.5], "texture": "#0"},
				"east": {"uv": [5.5, 0, 7.5, 1], "texture": "#0"},
				"south": {"uv": [9.5, 11.5, 10, 12.5], "texture": "#0"},
				"west": {"uv": [5.5, 1, 7.5, 2], "texture": "#0"},
				"up": {"uv": [9.5, 11, 9, 9], "texture": "#0"},
				"down": {"uv": [0.5, 9.5, 0, 11.5], "texture": "#0"}
			}
		},
		{
			"from": [3, 7, 9],
			"to": [4, 9, 13],
			"rotation": {"angle": 0, "axis": "y", "origin": [3, 7, 9]},
			"faces": {
				"north": {"uv": [11.5, 10, 12, 11], "texture": "#0"},
				"east": {"uv": [5.5, 2, 7.5, 3], "texture": "#0"},
				"south": {"uv": [10.5, 11.5, 11, 12.5], "texture": "#0"},
				"west": {"uv": [5.5, 3, 7.5, 4], "texture": "#0"},
				"up": {"uv": [10, 2, 9.5, 0], "texture": "#0"},
				"down": {"uv": [1, 9.5, 0.5, 11.5], "texture": "#0"}
			}
		},
		{
			"from": [4, 7, 9],
			"to": [6, 9, 10],
			"rotation": {"angle": 0, "axis": "y", "origin": [3, 7, 9]},
			"faces": {
				"north": {"uv": [1, 9.5, 2, 10.5], "texture": "#0"},
				"east": {"uv": [11, 11.5, 11.5, 12.5], "texture": "#0"},
				"south": {"uv": [9.5, 2, 10.5, 3], "texture": "#0"},
				"west": {"uv": [11.5, 11, 12, 12], "texture": "#0"},
				"up": {"uv": [12.5, 9.5, 11.5, 9], "texture": "#0"},
				"down": {"uv": [13, 0, 12, 0.5], "texture": "#0"}
			}
		},
		{
			"from": [7, 7, 11],
			"to": [9, 8, 13],
			"rotation": {"angle": 0, "axis": "y", "origin": [7, 7, 11]},
			"faces": {
				"north": {"uv": [9.5, 3, 10.5, 3.5], "texture": "#0"},
				"east": {"uv": [9.5, 3.5, 10.5, 4], "texture": "#0"},
				"south": {"uv": [9.5, 9, 10.5, 9.5], "texture": "#0"},
				"west": {"uv": [9.5, 9.5, 10.5, 10], "texture": "#0"},
				"up": {"uv": [3, 7, 2, 6], "texture": "#0"},
				"down": {"uv": [4, 6, 3, 7], "texture": "#0"}
			}
		},
		{
			"from": [4, 7, 5],
			"to": [6, 8, 7],
			"rotation": {"angle": 0, "axis": "y", "origin": [4, 7, 5]},
			"faces": {
				"north": {"uv": [10, 0, 11, 0.5], "texture": "#0"},
				"east": {"uv": [10, 0.5, 11, 1], "texture": "#0"},
				"south": {"uv": [10, 1, 11, 1.5], "texture": "#0"},
				"west": {"uv": [10, 1.5, 11, 2], "texture": "#0"},
				"up": {"uv": [5, 7, 4, 6], "texture": "#0"},
				"down": {"uv": [7, 4, 6, 5], "texture": "#0"}
			}
		},
		{
			"from": [7, 7, 4],
			"to": [9, 8, 6],
			"rotation": {"angle": 0, "axis": "y", "origin": [7, 7, 4]},
			"faces": {
				"north": {"uv": [2, 10, 3, 10.5], "texture": "#0"},
				"east": {"uv": [4, 10, 5, 10.5], "texture": "#0"},
				"south": {"uv": [10, 4, 11, 4.5], "texture": "#0"},
				"west": {"uv": [10, 4.5, 11, 5], "texture": "#0"},
				"up": {"uv": [6, 7, 5, 6], "texture": "#0"},
				"down": {"uv": [7, 5, 6, 6], "texture": "#0"}
			}
		},
		{
			"from": [7, 7, 7],
			"to": [9, 8, 9],
			"rotation": {"angle": 0, "axis": "y", "origin": [7, 7, 7]},
			"faces": {
				"north": {"uv": [5, 10, 6, 10.5], "texture": "#0"},
				"east": {"uv": [10, 5, 11, 5.5], "texture": "#0"},
				"south": {"uv": [10, 5.5, 11, 6], "texture": "#0"},
				"west": {"uv": [6, 10, 7, 10.5], "texture": "#0"},
				"up": {"uv": [7, 7, 6, 6], "texture": "#0"},
				"down": {"uv": [3, 7, 2, 8], "texture": "#0"}
			}
		},
		{
			"from": [10, 7, 5],
			"to": [12, 8, 7],
			"rotation": {"angle": 0, "axis": "y", "origin": [10, 7, 5]},
			"faces": {
				"north": {"uv": [10, 6, 11, 6.5], "texture": "#0"},
				"east": {"uv": [10, 6.5, 11, 7], "texture": "#0"},
				"south": {"uv": [7, 10, 8, 10.5], "texture": "#0"},
				"west": {"uv": [10, 7, 11, 7.5], "texture": "#0"},
				"up": {"uv": [4, 8, 3, 7], "texture": "#0"},
				"down": {"uv": [5, 7, 4, 8], "texture": "#0"}
			}
		},
		{
			"from": [10, 7, 10],
			"to": [12, 8, 12],
			"rotation": {"angle": 0, "axis": "y", "origin": [10, 7, 10]},
			"faces": {
				"north": {"uv": [10, 7.5, 11, 8], "texture": "#0"},
				"east": {"uv": [8, 10, 9, 10.5], "texture": "#0"},
				"south": {"uv": [10, 8, 11, 8.5], "texture": "#0"},
				"west": {"uv": [10, 8.5, 11, 9], "texture": "#0"},
				"up": {"uv": [8, 5, 7, 4], "texture": "#0"},
				"down": {"uv": [6, 7, 5, 8], "texture": "#0"}
			}
		},
		{
			"from": [4, 7, 10],
			"to": [6, 8, 12],
			"rotation": {"angle": 0, "axis": "y", "origin": [4, 7, 10]},
			"faces": {
				"north": {"uv": [9.5, 10, 10.5, 10.5], "texture": "#0"},
				"east": {"uv": [1, 10.5, 2, 11], "texture": "#0"},
				"south": {"uv": [2, 10.5, 3, 11], "texture": "#0"},
				"west": {"uv": [10.5, 2, 11.5, 2.5], "texture": "#0"},
				"up": {"uv": [8, 6, 7, 5], "texture": "#0"},
				"down": {"uv": [7, 7, 6, 8], "texture": "#0"}
			}
		},
		{
			"from": [4, 7.25, 5],
			"to": [6, 8.5, 7],
			"rotation": {"angle": 0, "axis": "y", "origin": [4, 8, 5]},
			"faces": {
				"north": {"uv": [13, 0, 14, 0.25], "texture": "#0"},
				"east": {"uv": [13, 0, 14, 0.25], "texture": "#0"},
				"south": {"uv": [13, 0, 14, 0.25], "texture": "#0"},
				"west": {"uv": [13, 0, 14, 0.25], "texture": "#0"},
				"up": {"uv": [13, 0, 14, 1], "texture": "#0"},
				"down": {"uv": [13, 0, 14, 1], "texture": "#0"}
			}
		},
		{
			"from": [4, 7.25, 10],
			"to": [6, 8.5, 12],
			"rotation": {"angle": 0, "axis": "y", "origin": [4, 8, 10]},
			"faces": {
				"north": {"uv": [13, 0, 14, 0.25], "texture": "#0"},
				"east": {"uv": [13, 0, 14, 0.25], "texture": "#0"},
				"south": {"uv": [13, 0, 14, 0.25], "texture": "#0"},
				"west": {"uv": [13, 0, 14, 0.25], "texture": "#0"},
				"up": {"uv": [13, 0, 14, 1], "texture": "#0"},
				"down": {"uv": [13, 0, 14, 1], "texture": "#0"}
			}
		},
		{
			"from": [7, 7.25, 11],
			"to": [9, 8.5, 13],
			"rotation": {"angle": 0, "axis": "y", "origin": [7, 8, 11]},
			"faces": {
				"north": {"uv": [13, 0, 14, 0.25], "texture": "#0"},
				"east": {"uv": [13, 0, 14, 0.25], "texture": "#0"},
				"south": {"uv": [13, 0, 14, 0.25], "texture": "#0"},
				"west": {"uv": [13, 0, 14, 0.25], "texture": "#0"},
				"up": {"uv": [13, 0, 14, 1], "texture": "#0"},
				"down": {"uv": [13, 0, 14, 1], "texture": "#0"}
			}
		},
		{
			"from": [7, 7.25, 7],
			"to": [9, 8.5, 9],
			"rotation": {"angle": 0, "axis": "y", "origin": [7, 8, 7]},
			"faces": {
				"north": {"uv": [13, 0, 14, 0.25], "texture": "#0"},
				"east": {"uv": [13, 0, 14, 0.25], "texture": "#0"},
				"south": {"uv": [13, 0, 14, 0.25], "texture": "#0"},
				"west": {"uv": [13, 0, 14, 0.25], "texture": "#0"},
				"up": {"uv": [13, 0, 14, 1], "texture": "#0"},
				"down": {"uv": [13, 0, 14, 1], "texture": "#0"}
			}
		},
		{
			"from": [7, 7.25, 4],
			"to": [9, 8.5, 6],
			"rotation": {"angle": 0, "axis": "y", "origin": [7, 8, 4]},
			"faces": {
				"north": {"uv": [13, 0, 14, 0.25], "texture": "#0"},
				"east": {"uv": [13, 0, 14, 0.25], "texture": "#0"},
				"south": {"uv": [13, 0, 14, 0.25], "texture": "#0"},
				"west": {"uv": [13, 0, 14, 0.25], "texture": "#0"},
				"up": {"uv": [13, 0, 14, 1], "texture": "#0"},
				"down": {"uv": [13, 0, 14, 1], "texture": "#0"}
			}
		},
		{
			"from": [10, 7.25, 5],
			"to": [12, 8.5, 7],
			"rotation": {"angle": 0, "axis": "y", "origin": [10, 8, 5]},
			"faces": {
				"north": {"uv": [13, 0, 14, 0.25], "texture": "#0"},
				"east": {"uv": [13, 0, 14, 0.25], "texture": "#0"},
				"south": {"uv": [13, 0, 14, 0.25], "texture": "#0"},
				"west": {"uv": [13, 0, 14, 0.25], "texture": "#0"},
				"up": {"uv": [13, 0, 14, 1], "texture": "#0"},
				"down": {"uv": [13, 0, 14, 1], "texture": "#0"}
			}
		},
		{
			"from": [10, 7.25, 10],
			"to": [12, 8.5, 12],
			"rotation": {"angle": 0, "axis": "y", "origin": [10, 8, 10]},
			"faces": {
				"north": {"uv": [13, 0, 14, 0.25], "texture": "#0"},
				"east": {"uv": [13, 0, 14, 0.25], "texture": "#0"},
				"south": {"uv": [13, 0, 14, 0.25], "texture": "#0"},
				"west": {"uv": [13, 0, 14, 0.25], "texture": "#0"},
				"up": {"uv": [13, 0, 14, 1], "texture": "#0"},
				"down": {"uv": [13, 0, 14, 1], "texture": "#0"}
			}
		}
	],
	"display": {
		"thirdperson_righthand": {
			"rotation": [90, 0, 90],
			"scale": [0.5, 0.5, 0.5]
		},
		"thirdperson_lefthand": {
			"rotation": [90, 0, 90],
			"scale": [0.5, 0.5, 0.5]
		},
		"firstperson_righthand": {
			"rotation": [-100.74, 11.5, 132.86],
			"translation": [0.75, 3.5, 0.75],
			"scale": [0.50976, 0.50976, 0.50976]
		},
		"firstperson_lefthand": {
			"rotation": [-100.74, 11.5, 132.86],
			"translation": [0.75, 3.5, 0.75],
			"scale": [0.50976, 0.50976, 0.50976]
		},
		"ground": {
			"translation": [0, -1.5, 0],
			"scale": [0.5, 0.5, 0.5]
		},
		"gui": {
			"rotation": [-110.75, -17.72, -152.81],
			"translation": [0.25, -0.5, 0],
			"scale": [1.1582, 1.1582, 1.1582]
		},
		"head": {
			"translation": [0, 7.5, -0.5]
		},
		"fixed": {
			"rotation": [-90, 0, 0],
			"translation": [0, -0.5, 0.5]
		}
	},
	"groups": [
		{
			"name": "group",
			"origin": [3, 0, 9],
			"color": 0,
			"children": [
				0,
				1,
				2,
				3,
				4,
				5,
				6,
				7,
				8,
				9,
				10,
				11,
				12,
				13,
				14,
				15,
				16,
				17,
				18,
				19,
				{
					"name": "Inner",
					"origin": [7, 0, 8],
					"color": 0,
					"children": [20, 21, 22, 23, 24, 25, 26]
				},
				{
					"name": "clear",
					"origin": [4, 8, 5],
					"color": 0,
					"children": [27, 28, 29, 30, 31, 32, 33]
				}
			]
		}
	]
}