{
	"format_version": "1.21.6",
	"credit": "Made with Blockbench",
	"textures": {
		"0": "item/ink_sac_3d",
		"particle": "item/ink_sac_3d"
	},
	"elements": [
		{
			"from": [7, 1, 5.5],
			"to": [9, 5, 7.5],
			"rotation": {"angle": 0, "axis": "z", "origin": [9, 0, 6.5]},
			"faces": {
				"north": {"uv": [4, 9, 6, 13], "texture": "#0"},
				"east": {"uv": [0, 9, 2, 13], "texture": "#0"},
				"south": {"uv": [2, 9, 4, 13], "texture": "#0"},
				"west": {"uv": [9, 3, 11, 7], "texture": "#0"},
				"up": {"uv": [8, 11, 6, 9], "rotation": 90, "texture": "#0"},
				"down": {"uv": [11, 7, 9, 9], "rotation": 270, "texture": "#0"}
			}
		},
		{
			"from": [6.5, 0, 6.5],
			"to": [9.5, 3, 12.5],
			"rotation": {"angle": 0, "axis": "y", "origin": [13.5, 0, 1.5]},
			"faces": {
				"north": {"uv": [6, 6, 9, 9], "texture": "#0"},
				"east": {"uv": [0, 0, 6, 3], "texture": "#0"},
				"south": {"uv": [6, 3, 9, 6], "texture": "#0"},
				"west": {"uv": [0, 3, 6, 6], "texture": "#0"},
				"up": {"uv": [6, 9, 0, 6], "rotation": 90, "texture": "#0"},
				"down": {"uv": [12, 0, 6, 3], "rotation": 270, "texture": "#0"}
			}
		}
	],
	"display": {
		"thirdperson_righthand": {
			"rotation": [45, 0, 0],
			"translation": [0, 3.75, 2.25],
			"scale": [0.65, 0.65, 0.65]
		},
		"thirdperson_lefthand": {
			"rotation": [45, 0, 0],
			"translation": [0, 3.75, 2.25],
			"scale": [0.65, 0.65, 0.65]
		},
		"firstperson_righthand": {
			"rotation": [0, -131, 0],
			"translation": [0.5, 7.5, 1.25],
			"scale": [0.8, 0.8, 0.8]
		},
		"firstperson_lefthand": {
			"rotation": [0, -131, 0],
			"translation": [0.5, 7.5, 1.25],
			"scale": [0.8, 0.8, 0.8]
		},
		"ground": {
			"translation": [0, 3.25, 0],
			"scale": [0.6, 0.6, 0.6]
		},
		"gui": {
			"rotation": [22.5, -55, 0],
			"translation": [1.5, 8, 0],
			"scale": [1.5, 1.5, 1.5]
		},
		"head": {
			"translation": [0, 14.5, 0]
		},
		"fixed": {
			"rotation": [0, 90, 0],
			"translation": [-1.5, 7.75, 1],
			"scale": [1.5, 1.5, 1.5]
		}
	}
}