{
	"format_version": "1.21.6",
	"credit": "Made with Blockbench",
	"texture_size": [32, 32],
	"textures": {
		"0": "item/nautilus_shell_3d",
		"particle": "item/nautilus_shell_3d"
	},
	"elements": [
		{
			"from": [5, 0, 3],
			"to": [10, 3, 5],
			"rotation": {"angle": 0, "axis": "y", "origin": [5, 0, 3]},
			"faces": {
				"north": {"uv": [5, 6.5, 7.5, 8], "texture": "#0"},
				"east": {"uv": [7.5, 4, 8.5, 5.5], "texture": "#0"},
				"south": {"uv": [0, 7, 2.5, 8.5], "texture": "#0"},
				"west": {"uv": [7.5, 5.5, 8.5, 7], "texture": "#0"},
				"up": {"uv": [5, 8, 2.5, 7], "texture": "#0"},
				"down": {"uv": [10, 3, 7.5, 4], "texture": "#0"}
			}
		},
		{
			"from": [5, 0, 5],
			"to": [10, 7, 11],
			"rotation": {"angle": 0, "axis": "y", "origin": [5, 1, 5]},
			"faces": {
				"north": {"uv": [0, 3.5, 2.5, 7], "texture": "#0"},
				"east": {"uv": [0, 0, 3, 3.5], "texture": "#0"},
				"south": {"uv": [2.5, 3.5, 5, 7], "texture": "#0"},
				"west": {"uv": [3, 0, 6, 3.5], "texture": "#0"},
				"up": {"uv": [7.5, 6.5, 5, 3.5], "texture": "#0"},
				"down": {"uv": [8.5, 0, 6, 3], "texture": "#0"}
			}
		}
	],
	"display": {
		"thirdperson_righthand": {
			"rotation": [45, 0, 0],
			"translation": [0, 3.75, 2.25],
			"scale": [0.65, 0.65, 0.65]
		},
		"thirdperson_lefthand": {
			"rotation": [45, 0, 0],
			"translation": [0, 3.75, 2.25],
			"scale": [0.65, 0.65, 0.65]
		},
		"firstperson_righthand": {
			"rotation": [0, 52, 0],
			"translation": [-1.25, 7, 2.5],
			"scale": [0.6, 0.6, 0.6]
		},
		"firstperson_lefthand": {
			"rotation": [0, 52, 0],
			"translation": [-1.25, 7, 2.5],
			"scale": [0.6, 0.6, 0.6]
		},
		"ground": {
			"translation": [0, 3.75, 0],
			"scale": [0.7, 0.7, 0.7]
		},
		"gui": {
			"rotation": [22.5, 135, 0],
			"translation": [0, 6, 0],
			"scale": [1.3, 1.3, 1.3]
		},
		"head": {
			"rotation": [-90, 0, -0.31],
			"translation": [1.25, 0.5, -10],
			"scale": [2.63477, 2.63477, 2.63477]
		},
		"fixed": {
			"rotation": [0, -90, 0],
			"translation": [-1, 8, 3],
			"scale": [1.9043, 1.9043, 1.9043]
		}
	}
}