{
	"format_version": "1.21.6",
	"credit": "Made with Blockbench",
	"textures": {
		"0": "item/nether_wart_3d",
		"particle": "item/nether_wart_3d"
	},
	"elements": [
		{
			"from": [5, 6.75, 5.75],
			"to": [7, 8.75, 7.75],
			"rotation": {"angle": -3.5, "axis": "z", "origin": [4.75, 9, 7]},
			"faces": {
				"north": {"uv": [0, 10, 2, 12], "texture": "#0"},
				"east": {"uv": [2, 10, 4, 12], "texture": "#0"},
				"south": {"uv": [4, 10, 6, 12], "texture": "#0"},
				"west": {"uv": [6, 10, 8, 12], "texture": "#0"},
				"up": {"uv": [10, 12, 8, 10], "texture": "#0"},
				"down": {"uv": [12, 10, 10, 12], "texture": "#0"}
			}
		},
		{
			"from": [7, 5, 6],
			"to": [9, 7, 8],
			"rotation": {"angle": 0, "axis": "x", "origin": [7, 5, 7]},
			"faces": {
				"north": {"uv": [0, 12, 2, 14], "texture": "#0"},
				"east": {"uv": [12, 0, 14, 2], "texture": "#0"},
				"south": {"uv": [2, 12, 4, 14], "texture": "#0"},
				"west": {"uv": [12, 2, 14, 4], "texture": "#0"},
				"up": {"uv": [6, 14, 4, 12], "texture": "#0"},
				"down": {"uv": [14, 4, 12, 6], "texture": "#0"}
			}
		},
		{
			"from": [4.75, 1, 5.5],
			"to": [10.75, 7, 5.5],
			"rotation": {"angle": -5.5, "axis": "z", "origin": [6.75, 8, 5]},
			"faces": {
				"north": {"uv": [6, 4, 12, 10], "texture": "#0"},
				"east": {"uv": [0, 0, 0, 5], "texture": "#0"},
				"south": {"uv": [12, 4, 6, 10], "texture": "#0"},
				"west": {"uv": [0, 0, 0, 5], "texture": "#0"},
				"up": {"uv": [3, 0, 0, 0], "texture": "#0"},
				"down": {"uv": [3, 0, 0, 0], "texture": "#0"}
			}
		},
		{
			"from": [6.75, 7, 4.5],
			"to": [8.75, 9, 6.5],
			"rotation": {"angle": -5.5, "axis": "z", "origin": [6.75, 8, 5]},
			"faces": {
				"north": {"uv": [6, 12, 8, 14], "texture": "#0"},
				"east": {"uv": [12, 6, 14, 8], "texture": "#0"},
				"south": {"uv": [8, 12, 10, 14], "texture": "#0"},
				"west": {"uv": [12, 8, 14, 10], "texture": "#0"},
				"up": {"uv": [12, 14, 10, 12], "texture": "#0"},
				"down": {"uv": [14, 10, 12, 12], "texture": "#0"}
			}
		},
		{
			"from": [7.75, 1, 7],
			"to": [11.75, 6, 7],
			"rotation": {"angle": 7.5, "axis": "z", "origin": [9.75, 8, 7]},
			"faces": {
				"north": {"uv": [0, 0, 4, 5], "texture": "#0"},
				"east": {"uv": [0, 0, 0, 5], "texture": "#0"},
				"south": {"uv": [4, 0, 0, 5], "texture": "#0"},
				"west": {"uv": [0, 0, 0, 5], "texture": "#0"},
				"up": {"uv": [3, 0, 0, 0], "texture": "#0"},
				"down": {"uv": [3, 0, 0, 0], "texture": "#0"}
			}
		},
		{
			"from": [8.74, 5.99, 5.99],
			"to": [10.76, 8.01, 8.01],
			"rotation": {"angle": 7.5, "axis": "z", "origin": [9.75, 8, 7]},
			"faces": {
				"north": {"uv": [12, 12, 14, 14], "texture": "#0"},
				"east": {"uv": [0, 14, 2, 16], "texture": "#0"},
				"south": {"uv": [14, 0, 16, 2], "texture": "#0"},
				"west": {"uv": [2, 14, 4, 16], "texture": "#0"},
				"up": {"uv": [16, 4, 14, 2], "texture": "#0"},
				"down": {"uv": [6, 14, 4, 16], "texture": "#0"}
			}
		},
		{
			"from": [4, 1.75, 6.75],
			"to": [8, 6.75, 6.75],
			"rotation": {"angle": -3.5, "axis": "z", "origin": [4.75, 9, 7]},
			"faces": {
				"north": {"uv": [4, 5, 0, 10], "texture": "#0"},
				"east": {"uv": [0, 0, 0, 5], "texture": "#0"},
				"south": {"uv": [0, 5, 4, 10], "texture": "#0"},
				"west": {"uv": [0, 0, 0, 5], "texture": "#0"},
				"up": {"uv": [3, 0, 0, 0], "texture": "#0"},
				"down": {"uv": [3, 0, 0, 0], "texture": "#0"}
			}
		}
	],
	"display": {
		"thirdperson_righthand": {
			"rotation": [0, 90, 0],
			"translation": [0.75, 0.75, -0.25],
			"scale": [0.6, 0.6, 0.6]
		},
		"thirdperson_lefthand": {
			"rotation": [0, -90, 0],
			"translation": [-0.75, 0.75, -0.25],
			"scale": [0.6, 0.6, 0.6]
		},
		"firstperson_righthand": {
			"rotation": [156.45, 42.73, -158.38],
			"translation": [-0.75, 5, 2.25],
			"scale": [0.53516, 0.53516, 0.53516]
		},
		"firstperson_lefthand": {
			"rotation": [156.45, 42.73, -158.38],
			"translation": [-0.75, 5, 2.25],
			"scale": [0.53516, 0.53516, 0.53516]
		},
		"ground": {
			"rotation": [90, 0, 0],
			"translation": [0, -2.25, 2],
			"scale": [0.6, 0.6, 0.6]
		},
		"gui": {
			"rotation": [32.5, 160, 0],
			"translation": [0.5, 4.25, 0],
			"scale": [1.51563, 1.51563, 1.51563]
		},
		"head": {
			"rotation": [90, 0, -180],
			"translation": [0, 6.75, -3.75]
		},
		"fixed": {
			"translation": [0, 3.75, 2.25],
			"scale": [1.74414, 1.74414, 1.74414]
		}
	},
	"groups": [
		{
			"name": "group",
			"origin": [4.75, 9, 7],
			"color": 0,
			"children": [0, 1, 2, 3, 4, 5, 6]
		}
	]
}