{
	"format_version": "1.21.6",
	"credit": "Made with Blockbench",
	"texture_size": [32, 32],
	"textures": {
		"0": "item/nether_star_3d",
		"1": "item/nether_star_outline",
		"particle": "item/nether_star_3d"
	},
	"elements": [
		{
			"from": [6, 9.5, 6.5],
			"to": [9, 11.5, 9.5],
			"light_emission": 15,
			"rotation": {"angle": 0, "axis": "y", "origin": [4, 12.5, 7.5]},
			"faces": {
				"north": {"uv": [5.5, 3, 7, 4], "texture": "#0"},
				"east": {"uv": [7.5, 6, 9, 7], "texture": "#0"},
				"south": {"uv": [5.5, 8.5, 7, 9.5], "texture": "#0"},
				"west": {"uv": [7, 8.5, 8.5, 9.5], "texture": "#0"},
				"up": {"uv": [5.5, 8.5, 4, 7], "texture": "#0"},
				"down": {"uv": [7, 7, 5.5, 8.5], "texture": "#0"}
			}
		},
		{
			"from": [2, 7, 7],
			"to": [13, 9, 9],
			"light_emission": 15,
			"rotation": {"angle": 0, "axis": "y", "origin": [11, 7, 7]},
			"faces": {
				"north": {"uv": [0, 0, 5.5, 1], "texture": "#0"},
				"east": {"uv": [9, 2, 10, 3], "texture": "#0"},
				"south": {"uv": [0, 1, 5.5, 2], "texture": "#0"},
				"west": {"uv": [9, 3, 10, 4], "texture": "#0"},
				"up": {"uv": [5.5, 3, 0, 2], "texture": "#0"},
				"down": {"uv": [5.5, 3, 0, 4], "texture": "#0"}
			}
		},
		{
			"from": [6.5, 2.5, 7],
			"to": [8.5, 13.5, 9],
			"light_emission": 15,
			"rotation": {"angle": 0, "axis": "y", "origin": [6.5, 11.5, 7]},
			"faces": {
				"north": {"uv": [0, 4, 1, 9.5], "texture": "#0"},
				"east": {"uv": [1, 4, 2, 9.5], "texture": "#0"},
				"south": {"uv": [2, 4, 3, 9.5], "texture": "#0"},
				"west": {"uv": [3, 4, 4, 9.5], "texture": "#0"},
				"up": {"uv": [10, 5, 9, 4], "texture": "#0"},
				"down": {"uv": [10, 5, 9, 6], "texture": "#0"}
			}
		},
		{
			"from": [4, 6.5, 6.5],
			"to": [11, 9.5, 9.5],
			"light_emission": 15,
			"rotation": {"angle": 0, "axis": "y", "origin": [4, 7.5, 7.5]},
			"faces": {
				"north": {"uv": [4, 4, 7.5, 5.5], "texture": "#0"},
				"east": {"uv": [7, 7, 8.5, 8.5], "texture": "#0"},
				"south": {"uv": [5.5, 0, 9, 1.5], "texture": "#0"},
				"west": {"uv": [7.5, 3, 9, 4.5], "texture": "#0"},
				"up": {"uv": [9, 3, 5.5, 1.5], "texture": "#0"},
				"down": {"uv": [7.5, 5.5, 4, 7], "texture": "#0"}
			}
		},
		{
			"from": [6, 4.5, 6.5],
			"to": [9, 6.5, 9.5],
			"light_emission": 15,
			"rotation": {"angle": 0, "axis": "y", "origin": [4, 7.5, 7.5]},
			"faces": {
				"north": {"uv": [8.5, 7, 10, 8], "texture": "#0"},
				"east": {"uv": [8.5, 8, 10, 9], "texture": "#0"},
				"south": {"uv": [9, 0, 10.5, 1], "texture": "#0"},
				"west": {"uv": [9, 1, 10.5, 2], "texture": "#0"},
				"up": {"uv": [9, 6, 7.5, 4.5], "texture": "#0"},
				"down": {"uv": [5.5, 8.5, 4, 10], "texture": "#0"}
			}
		},
		{
			"name": "cube_outline",
			"from": [9.2, 11.7, 9.7],
			"to": [5.8, 9.7, 6.3],
			"light_emission": 15,
			"rotation": {"angle": 0, "axis": "y", "origin": [5.75, 11.7, 7.5]},
			"faces": {
				"north": {"uv": [1.0619, 0.025, 1.33333, 0.325], "rotation": 180, "texture": "#1"},
				"east": {"uv": [1.33333, 0.425, 1.40476, 0.475], "rotation": 180, "texture": "#1"},
				"south": {"uv": [1.0619, 0.05, 1.43333, 0.4], "rotation": 180, "texture": "#1"},
				"west": {"uv": [1.35714, 0.3, 1.42857, 0.35], "rotation": 180, "texture": "#1"},
				"up": {"uv": [9.83333, 0.35, 9.7619, 0.425], "rotation": 180, "texture": "#1"},
				"down": {"uv": [1.4619, 0.425, 1.04048, 0.05], "rotation": 180, "texture": "#1"}
			}
		},
		{
			"name": "cube_outline",
			"from": [9.2, 6.3, 9.7],
			"to": [5.8, 4.3, 6.3],
			"light_emission": 15,
			"rotation": {"angle": 0, "axis": "y", "origin": [5.75, 6.2, 7.5]},
			"faces": {
				"north": {"uv": [1.2619, 0.425, 1.33333, 0.475], "rotation": 180, "texture": "#1"},
				"east": {"uv": [1.33333, 0.425, 1.40476, 0.475], "rotation": 180, "texture": "#1"},
				"south": {"uv": [1.2619, 0.15, 1.33333, 0.2], "rotation": 180, "texture": "#1"},
				"west": {"uv": [1.35714, 0.3, 1.42857, 0.35], "rotation": 180, "texture": "#1"},
				"up": {"uv": [1.33333, 0.35, 1.2619, 0.425], "rotation": 180, "texture": "#1"},
				"down": {"uv": [9.6619, 0.425, 9.59048, 0.35], "rotation": 180, "texture": "#1"}
			}
		},
		{
			"name": "cube_outline",
			"from": [13.2, 9.2, 9.2],
			"to": [1.8, 6.8, 6.8],
			"light_emission": 15,
			"rotation": {"angle": 0, "axis": "y", "origin": [11, 7, 7]},
			"faces": {
				"north": {"uv": [1, 0.05, 1.2619, 0.1], "rotation": 180, "texture": "#1"},
				"east": {"uv": [1.42857, 0.15, 1.47619, 0.2], "rotation": 180, "texture": "#1"},
				"south": {"uv": [1, 0, 1.2619, 0.05], "rotation": 180, "texture": "#1"},
				"west": {"uv": [1.42857, 0.1, 1.47619, 0.15], "rotation": 180, "texture": "#1"},
				"up": {"uv": [1.2619, 0.15, 1, 0.2], "rotation": 180, "texture": "#1"},
				"down": {"uv": [1.2619, 0.15, 1, 0.1], "rotation": 180, "texture": "#1"}
			}
		},
		{
			"name": "cube_outline",
			"from": [8.7, 13.7, 9.2],
			"to": [6.3, 2.3, 6.8],
			"light_emission": 15,
			"rotation": {"angle": 0, "axis": "y", "origin": [6.5, 11.5, 7]},
			"faces": {
				"north": {"uv": [1.09524, 0.2, 1.14286, 0.475], "rotation": 180, "texture": "#1"},
				"east": {"uv": [1.14286, 0.2, 1.19048, 0.475], "rotation": 180, "texture": "#1"},
				"south": {"uv": [1, 0.2, 1.04762, 0.475], "rotation": 180, "texture": "#1"},
				"west": {"uv": [1.04762, 0.2, 1.09524, 0.475], "rotation": 180, "texture": "#1"},
				"up": {"uv": [1.47619, 0.25, 1.42857, 0.3], "rotation": 180, "texture": "#1"},
				"down": {"uv": [1.47619, 0.25, 1.42857, 0.2], "rotation": 180, "texture": "#1"}
			}
		},
		{
			"name": "cube_outline",
			"from": [11.2, 9.7, 9.7],
			"to": [9.2, 6.3, 6.3],
			"light_emission": 15,
			"rotation": {"angle": 0, "axis": "y", "origin": [3.8, 6.25, 7.5]},
			"faces": {
				"north": {"uv": [1.2619, 0, 1.42857, 0.075], "rotation": 180, "texture": "#1"},
				"east": {"uv": [9.50714, 0, 9.97857, 0.475], "rotation": 180, "texture": "#1"},
				"south": {"uv": [1.19048, 0.2, 1.35714, 0.275], "rotation": 180, "texture": "#1"},
				"west": {"uv": [1.33333, 0.35, 1.40476, 0.425], "rotation": 180, "texture": "#1"},
				"up": {"uv": [1.35714, 0.275, 1.19048, 0.35], "rotation": 180, "texture": "#1"},
				"down": {"uv": [1.42857, 0.15, 1.2619, 0.075], "rotation": 180, "texture": "#1"}
			}
		},
		{
			"name": "cube_outline",
			"from": [5.8, 9.7, 9.7],
			"to": [3.8, 6.3, 6.3],
			"light_emission": 15,
			"rotation": {"angle": 0, "axis": "y", "origin": [-1.45, 6.25, 7.5]},
			"faces": {
				"north": {"uv": [1.2619, 0, 1.42857, 0.075], "rotation": 180, "texture": "#1"},
				"east": {"uv": [1.35714, 0.15, 1.42857, 0.225], "rotation": 180, "texture": "#1"},
				"south": {"uv": [1.19048, 0.2, 1.35714, 0.275], "rotation": 180, "texture": "#1"},
				"west": {"uv": [9.53333, 0.4, 9.60476, 0.475], "rotation": 180, "texture": "#1"},
				"up": {"uv": [1.35714, 0.275, 1.19048, 0.35], "rotation": 180, "texture": "#1"},
				"down": {"uv": [1.42857, 0.15, 1.2619, 0.075], "rotation": 180, "texture": "#1"}
			}
		},
		{
			"from": [5.75, 6.3, 9.7],
			"to": [9.25, 9.7, 9.7],
			"light_emission": 15,
			"rotation": {"angle": 0, "axis": "y", "origin": [6.5, 7, 9.7]},
			"faces": {
				"north": {"uv": [1, 0, 1.5, 0.5], "texture": "#1"},
				"east": {"uv": [0, 0, 0, 1.7], "texture": "#1"},
				"south": {"uv": [9.5, 0, 10, 0.5], "texture": "#1"},
				"west": {"uv": [0, 0, 0, 1.7], "texture": "#1"},
				"up": {"uv": [0, 0, 1.75, 0], "texture": "#1"},
				"down": {"uv": [0, 0, 1.75, 0], "texture": "#1"}
			}
		},
		{
			"from": [5.75, 6.3, 6.3],
			"to": [9.25, 9.7, 6.3],
			"light_emission": 15,
			"rotation": {"angle": 0, "axis": "y", "origin": [6.5, 7, 6.3]},
			"faces": {
				"north": {"uv": [9.5, 0, 10, 0.5], "texture": "#1"},
				"east": {"uv": [0, 0, 0, 1.7], "texture": "#1"},
				"south": {"uv": [1, 0, 1.5, 0.5], "texture": "#1"},
				"west": {"uv": [0, 0, 0, 1.7], "texture": "#1"},
				"up": {"uv": [0, 0, 1.75, 0], "texture": "#1"},
				"down": {"uv": [0, 0, 1.75, 0], "texture": "#1"}
			}
		}
	],
	"display": {
		"thirdperson_righthand": {
			"rotation": [39.5, 10, 0],
			"translation": [0.5, 1, 2.75],
			"scale": [0.53906, 0.53906, 0.53906]
		},
		"thirdperson_lefthand": {
			"rotation": [39.5, 10, 0],
			"translation": [0.5, 1, 2.75],
			"scale": [0.53906, 0.53906, 0.53906]
		},
		"firstperson_righthand": {
			"rotation": [165.54, 36.74, -170.21],
			"translation": [2, 3.25, -2.5],
			"scale": [0.69922, 0.69922, 0.69922]
		},
		"firstperson_lefthand": {
			"rotation": [163.87, 49.69, -165.27],
			"translation": [2.25, 3, -2],
			"scale": [0.875, 0.875, 0.875]
		},
		"ground": {
			"translation": [0, 2.25, 0],
			"scale": [0.83984, 0.83984, 0.83984]
		},
		"gui": {
			"rotation": [-163, 20, -180],
			"translation": [-0.5, 0, 0],
			"scale": [1.19922, 1.19922, 1.19922]
		},
		"head": {
			"translation": [0.5, 12.25, 0],
			"scale": [1.21094, 1.21094, 1.21094]
		},
		"fixed": {
			"translation": [0.75, 0, -0.5],
			"scale": [1.45703, 1.45703, 1.45703]
		}
	},
	"groups": [
		{
			"name": "group",
			"origin": [3, 10.5, 7.5],
			"color": 0,
			"children": [0, 1, 2, 3, 4]
		},
		{
			"name": "outlines",
			"origin": [5.75, 11.7, 7.5],
			"color": 0,
			"children": [5, 6, 7, 8, 9, 10, 11, 12]
		}
	]
}