{
	"format_version": "1.21.6",
	"credit": "Made with Blockbench",
	"texture_size": [32, 32],
	"textures": {
		"1": "item/ominous_trial_key_3d",
		"particle": "item/ominous_trial_key_3d"
	},
	"elements": [
		{
			"name": "head",
			"from": [5.49, 6.99, 5.49],
			"to": [10.51, 11.01, 10.51],
			"light_emission": 2,
			"rotation": {"angle": 0, "axis": "y", "origin": [5.5, 7, 5.5]},
			"faces": {
				"north": {"uv": [2.5, 0, 5, 2], "texture": "#1"},
				"east": {"uv": [2.5, 2, 5, 4], "texture": "#1"},
				"south": {"uv": [2.5, 4, 5, 6], "texture": "#1"},
				"west": {"uv": [0, 5, 2.5, 7], "texture": "#1"},
				"up": {"uv": [2.5, 2.5, 0, 0], "texture": "#1"},
				"down": {"uv": [2.5, 2.5, 0, 5], "texture": "#1"}
			}
		},
		{
			"name": "head",
			"from": [7.5, 5.5, 9.5],
			"to": [9.5, 6.5, 11.5],
			"light_emission": 2,
			"rotation": {"angle": 45, "axis": "y", "origin": [9, 5.5, 10.5]},
			"faces": {
				"north": {"uv": [1.5, 7, 2.5, 7.5], "texture": "#1"},
				"east": {"uv": [7, 5, 8, 5.5], "texture": "#1"},
				"south": {"uv": [7, 5.5, 8, 6], "texture": "#1"},
				"west": {"uv": [7, 6, 8, 6.5], "texture": "#1"},
				"down": {"uv": [1.5, 7, 0.5, 8], "texture": "#1"}
			}
		},
		{
			"name": "head",
			"from": [7.5, 6.5, 9],
			"to": [10.5, 9.5, 12],
			"light_emission": 2,
			"rotation": {"angle": 45, "axis": "y", "origin": [9, 8.5, 10.5]},
			"faces": {
				"north": {"uv": [5, 3, 6.5, 4.5], "texture": "#1"},
				"east": {"uv": [5, 4.5, 6.5, 6], "texture": "#1"},
				"south": {"uv": [6, 0, 7.5, 1.5], "texture": "#1"},
				"west": {"uv": [6, 1.5, 7.5, 3], "texture": "#1"},
				"up": {"uv": [4, 7.5, 2.5, 6], "texture": "#1"},
				"down": {"uv": [5.5, 6, 4, 7.5], "texture": "#1"}
			}
		},
		{
			"name": "head",
			"from": [7.5, 5.5, 4.5],
			"to": [9.5, 6.5, 6.5],
			"light_emission": 2,
			"rotation": {"angle": -45, "axis": "y", "origin": [9, 5.5, 5.5]},
			"faces": {
				"north": {"uv": [8, 5.5, 7, 6], "texture": "#1"},
				"east": {"uv": [8, 5, 7, 5.5], "texture": "#1"},
				"south": {"uv": [2.5, 7, 1.5, 7.5], "texture": "#1"},
				"west": {"uv": [8, 6, 7, 6.5], "texture": "#1"},
				"down": {"uv": [1.5, 8, 0.5, 7], "texture": "#1"}
			}
		},
		{
			"name": "head",
			"from": [7.5, 6.5, 4],
			"to": [10.5, 9.5, 7],
			"light_emission": 2,
			"rotation": {"angle": -45, "axis": "y", "origin": [9, 8.5, 5.5]},
			"faces": {
				"north": {"uv": [7.5, 0, 6, 1.5], "texture": "#1"},
				"east": {"uv": [6.5, 4.5, 5, 6], "texture": "#1"},
				"south": {"uv": [6.5, 3, 5, 4.5], "texture": "#1"},
				"west": {"uv": [7.5, 1.5, 6, 3], "texture": "#1"},
				"up": {"uv": [4, 6, 2.5, 7.5], "texture": "#1"},
				"down": {"uv": [5.5, 7.5, 4, 6], "texture": "#1"}
			}
		},
		{
			"name": "jaw",
			"from": [5.5, 6, 6.5],
			"to": [8.5, 7, 9.5],
			"light_emission": 2,
			"rotation": {"angle": 0, "axis": "y", "origin": [5.5, 6, 6.5]},
			"faces": {
				"north": {"uv": [7, 3, 8.5, 3.5], "texture": "#1"},
				"east": {"uv": [7, 3.5, 8.5, 4], "texture": "#1"},
				"south": {"uv": [7, 4, 8.5, 4.5], "texture": "#1"},
				"west": {"uv": [7, 4.5, 8.5, 5], "texture": "#1"},
				"down": {"uv": [7, 6, 5.5, 7.5], "texture": "#1"}
			}
		},
		{
			"from": [7, 2, 9],
			"to": [8, 3, 11],
			"light_emission": 2,
			"rotation": {"angle": 0, "axis": "y", "origin": [7, 2, 9.5]},
			"faces": {
				"east": {"uv": [7, 6.5, 8, 7], "texture": "#1"},
				"south": {"uv": [7.5, 0.5, 8, 1], "texture": "#1"},
				"west": {"uv": [7, 6.5, 8, 7], "texture": "#1"},
				"up": {"uv": [8, 7, 7, 6.5], "texture": "#1"},
				"down": {"uv": [8, 6.5, 7, 7], "texture": "#1"}
			}
		},
		{
			"from": [7, 0, 7],
			"to": [8, 6, 9],
			"light_emission": 2,
			"rotation": {"angle": 0, "axis": "y", "origin": [7, 0, 7.5]},
			"faces": {
				"north": {"uv": [6.5, 3, 7, 6], "texture": "#1"},
				"east": {"uv": [5, 0, 6, 3], "texture": "#1"},
				"south": {"uv": [0, 7, 0.5, 10], "texture": "#1"},
				"west": {"uv": [5, 0, 6, 3], "texture": "#1"},
				"down": {"uv": [7.5, 7, 7, 8], "texture": "#1"}
			}
		},
		{
			"from": [7, 0, 9],
			"to": [8, 1, 11],
			"light_emission": 2,
			"rotation": {"angle": 0, "axis": "y", "origin": [7, 0, 9.5]},
			"faces": {
				"east": {"uv": [7.5, 0, 8.5, 0.5], "texture": "#1"},
				"south": {"uv": [7.5, 1, 8, 1.5], "texture": "#1"},
				"west": {"uv": [7.5, 0, 8.5, 0.5], "texture": "#1"},
				"up": {"uv": [8.5, 0.5, 7.5, 0], "texture": "#1"},
				"down": {"uv": [8.5, 0, 7.5, 0.5], "texture": "#1"}
			}
		}
	],
	"display": {
		"thirdperson_righthand": {
			"rotation": [22.5, -90, 0],
			"translation": [0, 0.5, 0.25],
			"scale": [0.5, 0.5, 0.5]
		},
		"thirdperson_lefthand": {
			"rotation": [22.5, 90, 0],
			"translation": [0, 0.5, 0.25],
			"scale": [0.5, 0.5, 0.5]
		},
		"firstperson_righthand": {
			"rotation": [1.37, 25, -11],
			"translation": [4.25, 2.75, -3],
			"scale": [0.57812, 0.57812, 0.57812]
		},
		"firstperson_lefthand": {
			"rotation": [1.37, -135, 11],
			"translation": [4.25, 3, -3],
			"scale": [0.57812, 0.57812, 0.57812]
		},
		"ground": {
			"translation": [0, 2, 0],
			"scale": [0.35, 0.35, 0.35]
		},
		"gui": {
			"rotation": [22.5, 45, 0],
			"translation": [0, 2.5, 0],
			"scale": [1.1, 1.1, 1.1]
		},
		"head": {
			"rotation": [0, -90, 0],
			"translation": [1.5, 11.5, 1.25],
			"scale": [0.65, 0.65, 0.65]
		},
		"fixed": {
			"rotation": [0, -90, 0],
			"translation": [0.5, 1.75, -1.25]
		}
	},
	"groups": [
		{
			"name": "skull",
			"origin": [2, 10, 7],
			"color": 0,
			"children": [
				0,
				{
					"name": "group",
					"origin": [9, 5.5, 10.5],
					"color": 0,
					"children": [1, 2]
				},
				{
					"name": "group",
					"origin": [9, 5.5, 10.5],
					"color": 0,
					"children": [3, 4]
				},
				5,
				{
					"name": "Key",
					"origin": [3.5, 5, 11],
					"color": 0,
					"children": [6, 7, 8]
				}
			]
		}
	]
}