{
	"format_version": "1.21.6",
	"credit": "Made with Blockbench",
	"textures": {
		"0": "item/paper_3d",
		"particle": "item/paper_3d"
	},
	"elements": [
		{
			"from": [0, 2.23471, 0.15262],
			"to": [6, 2.23471, 2.15262],
			"rotation": {"angle": -22.5, "axis": "x", "origin": [0, 2.23471, 0.15262]},
			"faces": {
				"north": {"uv": [0, 0, 6, 0], "texture": "#0"},
				"east": {"uv": [0, 0, 2, 0], "texture": "#0"},
				"south": {"uv": [0, 0, 6, 0], "texture": "#0"},
				"west": {"uv": [0, 0, 2, 0], "texture": "#0"},
				"up": {"uv": [12, 6, 6, 4], "texture": "#0"},
				"down": {"uv": [12, 6, 6, 8], "texture": "#0"}
			}
		},
		{
			"from": [0, 3, 2],
			"to": [6, 3, 6],
			"rotation": {"angle": 0, "axis": "x", "origin": [0, 3, 2]},
			"faces": {
				"north": {"uv": [0, 0, 6, 0], "texture": "#0"},
				"east": {"uv": [0, 0, 4, 0], "texture": "#0"},
				"south": {"uv": [0, 0, 6, 0], "texture": "#0"},
				"west": {"uv": [0, 0, 4, 0], "texture": "#0"},
				"up": {"uv": [6, 4, 0, 0], "texture": "#0"},
				"down": {"uv": [6, 4, 0, 8], "texture": "#0"}
			}
		},
		{
			"from": [0, 3.00008, 6.00038],
			"to": [6, 3.00008, 8.00038],
			"rotation": {"angle": -22.5, "axis": "x", "origin": [0, 3.00008, 6.00038]},
			"faces": {
				"north": {"uv": [0, 0, 6, 0], "texture": "#0"},
				"east": {"uv": [0, 0, 2, 0], "texture": "#0"},
				"south": {"uv": [0, 0, 6, 0], "texture": "#0"},
				"west": {"uv": [0, 0, 2, 0], "texture": "#0"},
				"up": {"uv": [12, 2, 6, 0], "texture": "#0"},
				"down": {"uv": [12, 2, 6, 4], "texture": "#0"}
			}
		}
	],
	"display": {
		"thirdperson_righthand": {
			"rotation": [49, 0, 0],
			"translation": [0, 2, 2.25],
			"scale": [0.55, 0.55, 0.55]
		},
		"thirdperson_lefthand": {
			"rotation": [49, 0, 0],
			"translation": [0, 2, 2.25],
			"scale": [0.55, 0.55, 0.55]
		},
		"firstperson_righthand": {
			"rotation": [-9.24, 18.68, -12],
			"translation": [1, 5.75, 0.75],
			"scale": [0.6, 0.6, 0.6]
		},
		"firstperson_lefthand": {
			"rotation": [-9.24, 18.68, -12],
			"translation": [1, 5.75, 0.75],
			"scale": [0.6, 0.6, 0.6]
		},
		"ground": {
			"translation": [0, 3.75, 0],
			"scale": [0.7, 0.7, 0.7]
		},
		"gui": {
			"rotation": [22.5, 45, 0],
			"translation": [0, 6.75, 0],
			"scale": [1.5, 1.5, 1.5]
		},
		"head": {
			"translation": [0, 14.5, 0]
		},
		"fixed": {
			"translation": [0, 6.25, 0.75],
			"scale": [1.5, 1.5, 1.5]
		}
	}
}