{
	"format_version": "1.21.6",
	"credit": "Made with Blockbench",
	"textures": {
		"0": "item/rabbit_foot_3d",
		"particle": "item/rabbit_foot_3d"
	},
	"elements": [
		{
			"from": [6.5, 1, 6.27179],
			"to": [9.5, 3, 11.27179],
			"rotation": {"angle": 0, "axis": "y", "origin": [6.5, 1, 11.27179]},
			"faces": {
				"north": {"uv": [9, 2, 6, 4], "texture": "#0"},
				"east": {"uv": [5, 5, 0, 7], "texture": "#0"},
				"south": {"uv": [9, 0, 6, 2], "texture": "#0"},
				"west": {"uv": [10, 5, 5, 7], "texture": "#0"},
				"up": {"uv": [3, 0, 0, 5], "texture": "#0"},
				"down": {"uv": [6, 5, 3, 0], "texture": "#0"}
			}
		},
		{
			"from": [7, 1.75, 6.27179],
			"to": [9, 4.75, 8.27179],
			"rotation": {"angle": -5, "axis": "x", "origin": [8, 2.75, 7.27179]},
			"faces": {
				"north": {"uv": [6, 7, 4, 10], "texture": "#0"},
				"east": {"uv": [4, 7, 2, 10], "texture": "#0"},
				"south": {"uv": [2, 7, 0, 10], "texture": "#0"},
				"west": {"uv": [8, 7, 6, 10], "texture": "#0"},
				"up": {"uv": [10, 7, 8, 9], "texture": "#0"},
				"down": {"uv": [11, 2, 9, 0], "texture": "#0"}
			}
		}
	],
	"display": {
		"thirdperson_righthand": {
			"rotation": [45, 180, 0],
			"translation": [0, 3, 2.25],
			"scale": [0.65, 0.65, 0.65]
		},
		"thirdperson_lefthand": {
			"rotation": [45, -180, 0],
			"translation": [0, 3, 2.25],
			"scale": [0.65, 0.65, 0.65]
		},
		"firstperson_righthand": {
			"rotation": [0, -125, 0],
			"translation": [0.5, 7, 1.25],
			"scale": [0.8, 0.8, 0.8]
		},
		"firstperson_lefthand": {
			"rotation": [0, -125, 0],
			"translation": [0.5, 7, 1.25],
			"scale": [0.8, 0.8, 0.8]
		},
		"ground": {
			"translation": [0, 2.5, 0],
			"scale": [0.7, 0.7, 0.7]
		},
		"gui": {
			"rotation": [22.5, -55, 0],
			"translation": [1, 7.75, 0],
			"scale": [1.5, 1.5, 1.5]
		},
		"head": {
			"translation": [0, 13.5, 0]
		},
		"fixed": {
			"rotation": [0, 90, 0],
			"translation": [-1.5, 7.75, 0.75],
			"scale": [1.75, 1.75, 1.75]
		}
	}
}