{
	"format_version": "1.21.6",
	"credit": "Made with Blockbench",
	"textures": {
		"0": "item/shulker_shell_3d",
		"particle": "item/shulker_shell_3d"
	},
	"elements": [
		{
			"from": [11.25, 0, 4.5],
			"to": [11.5, 2, 6.5],
			"rotation": {"angle": 0, "axis": "y", "origin": [11.25, 0, 4.5]},
			"faces": {
				"north": {"uv": [7, 2, 7.25, 4], "texture": "#0"},
				"east": {"uv": [12, 7, 14, 9], "texture": "#0"},
				"south": {"uv": [0, 0, 0.25, 2], "texture": "#0"},
				"west": {"uv": [0, 0, 2, 2], "texture": "#0"},
				"up": {"uv": [0, 0, 0.25, 2], "texture": "#0"},
				"down": {"uv": [0, 0, 0.25, 2], "texture": "#0"}
			}
		},
		{
			"from": [4.5, 0, 4.5],
			"to": [4.75, 3, 6.5],
			"rotation": {"angle": 0, "axis": "y", "origin": [4.5, 0, 4.5]},
			"faces": {
				"north": {"uv": [13.75, 1, 14, 4], "texture": "#0"},
				"east": {"uv": [0, 0, 2, 2], "texture": "#0"},
				"south": {"uv": [8.75, 13, 9, 16], "texture": "#0"},
				"west": {"uv": [7, 13, 9, 16], "texture": "#0"},
				"up": {"uv": [0, 0, 0.25, 2], "texture": "#0"},
				"down": {"uv": [0, 0, 0.25, 2], "texture": "#0"}
			}
		},
		{
			"from": [4.5, 0, 9.5],
			"to": [4.75, 3, 11.5],
			"rotation": {"angle": 0, "axis": "y", "origin": [4.5, 0, 9.5]},
			"faces": {
				"north": {"uv": [0, 0, 0.25, 2], "texture": "#0"},
				"east": {"uv": [0, 0, 2, 2], "texture": "#0"},
				"south": {"uv": [7, 9, 7.25, 12], "texture": "#0"},
				"west": {"uv": [12, 13, 14, 16], "texture": "#0"},
				"up": {"uv": [0, 0, 0.25, 2], "texture": "#0"},
				"down": {"uv": [0, 0, 0.25, 2], "texture": "#0"}
			}
		},
		{
			"from": [4.75, 0, 11.25],
			"to": [6.5, 2, 11.5],
			"rotation": {"angle": 0, "axis": "y", "origin": [6.5, 0, 11.5]},
			"faces": {
				"north": {"uv": [0, 0, 1.75, 2], "texture": "#0"},
				"east": {"uv": [0, 0, 0.25, 2], "texture": "#0"},
				"south": {"uv": [7.25, 10, 9, 12], "texture": "#0"},
				"west": {"uv": [0, 0, 0.25, 2], "texture": "#0"},
				"up": {"uv": [0, 0, 1.75, 0.25], "texture": "#0"},
				"down": {"uv": [0, 0, 1.75, 0.25], "texture": "#0"}
			}
		},
		{
			"from": [9.5, 0, 11.25],
			"to": [11.25, 2, 11.5],
			"rotation": {"angle": 0, "axis": "y", "origin": [11.25, 0, 11.5]},
			"faces": {
				"north": {"uv": [0, 0, 1.75, 2], "texture": "#0"},
				"east": {"uv": [0, 0, 0.25, 2], "texture": "#0"},
				"south": {"uv": [12, 10, 13.75, 12], "texture": "#0"},
				"west": {"uv": [12, 10, 12.25, 12], "texture": "#0"},
				"up": {"uv": [0, 0, 1.75, 0.25], "texture": "#0"},
				"down": {"uv": [0, 0, 1.75, 0.25], "texture": "#0"}
			}
		},
		{
			"from": [4.75, 2, 11.25],
			"to": [11.25, 4, 11.5],
			"rotation": {"angle": 0, "axis": "y", "origin": [6.5, 2, 11.5]},
			"faces": {
				"north": {"uv": [0, 0, 1.75, 2], "texture": "#0"},
				"east": {"uv": [0, 0, 0.25, 2], "texture": "#0"},
				"south": {"uv": [7.25, 8, 13.75, 10], "texture": "#0"},
				"west": {"uv": [0, 0, 0.25, 2], "texture": "#0"},
				"up": {"uv": [0.25, 6.7, 6.75, 6.95], "texture": "#0"},
				"down": {"uv": [0, 0, 1.75, 0.25], "texture": "#0"}
			}
		},
		{
			"from": [4.75, 2, 4.5],
			"to": [11.25, 4, 4.75],
			"rotation": {"angle": 0, "axis": "y", "origin": [6.5, 2, 4.75]},
			"faces": {
				"north": {"uv": [7.25, 0, 13.75, 2], "texture": "#0"},
				"east": {"uv": [0, 0, 0.25, 2], "texture": "#0"},
				"south": {"uv": [0, 0, 1.75, 2], "texture": "#0"},
				"west": {"uv": [0, 0, 0.25, 2], "texture": "#0"},
				"up": {"uv": [0.25, 0, 6.75, 0.25], "texture": "#0"},
				"down": {"uv": [0, 0, 1.75, 0.25], "texture": "#0"}
			}
		},
		{
			"from": [4.75, 3.75, 4.75],
			"to": [11.25, 4, 11.25],
			"rotation": {"angle": 0, "axis": "y", "origin": [6.5, 2, 5]},
			"faces": {
				"north": {"uv": [0, 0, 1.75, 2], "texture": "#0"},
				"east": {"uv": [0, 0, 0.25, 2], "texture": "#0"},
				"south": {"uv": [0, 0, 1.75, 2], "texture": "#0"},
				"west": {"uv": [0, 0, 0.25, 2], "texture": "#0"},
				"up": {"uv": [0.25, 0.25, 6.75, 6.75], "texture": "#0"},
				"down": {"uv": [0.3, 0.2, 7.05, 6.95], "texture": "#0"}
			}
		},
		{
			"from": [9.5, 0, 4.5],
			"to": [11.25, 2, 4.75],
			"rotation": {"angle": 0, "axis": "y", "origin": [11.25, 0, 4.75]},
			"faces": {
				"north": {"uv": [7.25, 2, 9, 4], "texture": "#0"},
				"east": {"uv": [0, 0, 0.25, 2], "texture": "#0"},
				"south": {"uv": [0, 0, 1.75, 2], "texture": "#0"},
				"west": {"uv": [0, 0, 0.25, 2], "texture": "#0"},
				"up": {"uv": [0, 0, 1.75, 0.25], "texture": "#0"},
				"down": {"uv": [0, 0, 1.75, 0.25], "texture": "#0"}
			}
		},
		{
			"from": [4.75, 0, 4.5],
			"to": [6.5, 2, 4.75],
			"rotation": {"angle": 0, "axis": "y", "origin": [6.5, 0, 4.75]},
			"faces": {
				"north": {"uv": [12, 2, 13.75, 4], "texture": "#0"},
				"east": {"uv": [0, 0, 0.25, 2], "texture": "#0"},
				"south": {"uv": [0, 0, 1.75, 2], "texture": "#0"},
				"west": {"uv": [0, 0, 0.25, 2], "texture": "#0"},
				"up": {"uv": [0, 0, 1.75, 0.25], "texture": "#0"},
				"down": {"uv": [0, 0, 1.75, 0.25], "texture": "#0"}
			}
		},
		{
			"from": [4.5, 3, 4.5],
			"to": [4.75, 4, 11.5],
			"rotation": {"angle": 0, "axis": "y", "origin": [4.5, 2, 4.5]},
			"faces": {
				"north": {"uv": [13.75, 0, 14, 1], "texture": "#0"},
				"east": {"uv": [0, 0, 7, 2], "texture": "#0"},
				"south": {"uv": [7, 8, 7.25, 9], "texture": "#0"},
				"west": {"uv": [7, 12, 14, 13], "texture": "#0"},
				"up": {"uv": [0, 0, 0.25, 7], "texture": "#0"},
				"down": {"uv": [0, 0, 0.25, 7], "texture": "#0"}
			}
		},
		{
			"from": [4.5, 2, 6.5],
			"to": [4.75, 3, 9.5],
			"rotation": {"angle": 0, "axis": "y", "origin": [4.5, 1, 4.5]},
			"faces": {
				"north": {"uv": [13.75, 0, 14, 2], "texture": "#0"},
				"east": {"uv": [0, 0, 7, 2], "texture": "#0"},
				"south": {"uv": [7, 8, 7.25, 10], "texture": "#0"},
				"west": {"uv": [9, 13, 12, 14], "texture": "#0"},
				"up": {"uv": [0, 0, 0.25, 7], "texture": "#0"},
				"down": {"uv": [0, 0, 0.25, 7], "texture": "#0"}
			}
		},
		{
			"from": [11.25, 0, 9.5],
			"to": [11.5, 2, 11.5],
			"rotation": {"angle": 0, "axis": "y", "origin": [11.25, 0, 9.5]},
			"faces": {
				"north": {"uv": [0, 0, 0.25, 2], "texture": "#0"},
				"east": {"uv": [7, 6, 9, 8], "texture": "#0"},
				"south": {"uv": [13.75, 10, 14, 12], "texture": "#0"},
				"west": {"uv": [9, 6, 7, 8], "texture": "#0"},
				"up": {"uv": [0, 0, 0.25, 2], "texture": "#0"},
				"down": {"uv": [0, 0, 0.25, 2], "texture": "#0"}
			}
		},
		{
			"from": [11.25, 2, 4.5],
			"to": [11.5, 4, 11.5],
			"rotation": {"angle": 0, "axis": "y", "origin": [11.25, 2, 4.5]},
			"faces": {
				"north": {"uv": [7, 0, 7.25, 2], "texture": "#0"},
				"east": {"uv": [7, 4, 14, 6], "texture": "#0"},
				"south": {"uv": [13.75, 8, 14, 10], "texture": "#0"},
				"west": {"uv": [0, 0, 7, 2], "texture": "#0"},
				"up": {"uv": [0, 0, 0.25, 7], "texture": "#0"},
				"down": {"uv": [0, 0, 0.25, 7], "texture": "#0"}
			}
		}
	],
	"display": {
		"thirdperson_righthand": {
			"rotation": [28, 45, 0],
			"translation": [0, 3.75, 0.5],
			"scale": [0.6, 0.6, 0.6]
		},
		"thirdperson_lefthand": {
			"rotation": [28, 45, 0],
			"translation": [0, 3.75, 0.5],
			"scale": [0.6, 0.6, 0.6]
		},
		"firstperson_righthand": {
			"rotation": [-2.21, 22.61, 10.33],
			"translation": [4, 5.25, -4],
			"scale": [0.86133, 0.86133, 0.86133]
		},
		"firstperson_lefthand": {
			"rotation": [-2.21, 22.61, 10.33],
			"translation": [4, 5.25, -4],
			"scale": [0.86133, 0.86133, 0.86133]
		},
		"ground": {
			"translation": [0, 3.75, 0],
			"scale": [0.7, 0.7, 0.7]
		},
		"gui": {
			"rotation": [22.5, 45, 0],
			"translation": [0, 6, 0],
			"scale": [1.3, 1.3, 1.3]
		},
		"head": {
			"rotation": [1.25, 0, 0.75],
			"translation": [0, 15.5, 0.25],
			"scale": [2.05664, 2.05664, 2.05664]
		},
		"fixed": {
			"translation": [0, 12.25, 0],
			"scale": [1.97266, 1.97266, 1.97266]
		}
	},
	"groups": [
		{
			"name": "group",
			"origin": [11.25, 0, 4.5],
			"color": 0,
			"children": [0, 1, 2, 3, 4, 5, 6, 7, 8, 9, 10, 11, 12, 13]
		}
	]
}