{
	"format_version": "1.21.6",
	"credit": "cyberia was here",
	"texture_size": [32, 32],
	"textures": {
		"0": "item/slime_ball_3d",
		"particle": "item/slime_ball_3d"
	},
	"elements": [
		{
			"from": [5, 0, 5],
			"to": [11, 6, 11],
			"rotation": {"angle": 0, "axis": "y", "origin": [5, 0, 5]},
			"faces": {
				"north": {"uv": [0, 0, 3, 3], "texture": "#0"},
				"east": {"uv": [0, 3, 3, 6], "texture": "#0"},
				"south": {"uv": [3, 0, 6, 3], "texture": "#0"},
				"west": {"uv": [3, 3, 6, 6], "texture": "#0"},
				"up": {"uv": [3, 9, 0, 6], "texture": "#0"},
				"down": {"uv": [9, 0, 6, 3], "texture": "#0"}
			}
		},
		{
			"from": [5.5, 0.5, 5.5],
			"to": [10.5, 5.5, 10.5],
			"rotation": {"angle": 0, "axis": "y", "origin": [6, 1, 6]},
			"faces": {
				"north": {"uv": [8.5, 13.5, 11, 16], "texture": "#0"},
				"east": {"uv": [11, 11, 13.5, 13.5], "texture": "#0"},
				"south": {"uv": [13.5, 8.5, 16, 11], "texture": "#0"},
				"west": {"uv": [11, 13.5, 13.5, 16], "texture": "#0"},
				"up": {"uv": [13.5, 11, 16, 13.5], "texture": "#0"},
				"down": {"uv": [13.5, 13.5, 16, 16], "texture": "#0"}
			}
		}
	],
	"display": {
		"thirdperson_righthand": {
			"rotation": [21, 0, 0],
			"translation": [0, 2.5, 0.5],
			"scale": [0.4, 0.4, 0.4]
		},
		"thirdperson_lefthand": {
			"rotation": [21, 0, 0],
			"translation": [0, 2.5, 0.5],
			"scale": [0.4, 0.4, 0.4]
		},
		"firstperson_righthand": {
			"rotation": [0, -90, 0],
			"translation": [-1.5, 6.5, 3.5],
			"scale": [0.5, 0.5, 0.5]
		},
		"firstperson_lefthand": {
			"rotation": [0, -90, 0],
			"translation": [-1.5, 6.5, 3.5],
			"scale": [0.5, 0.5, 0.5]
		},
		"ground": {
			"translation": [0, 2.75, 0],
			"scale": [0.6, 0.6, 0.6]
		},
		"gui": {
			"rotation": [22.5, 45, 0],
			"translation": [0, 5.75, 0],
			"scale": [1.2, 1.2, 1.2]
		},
		"head": {
			"translation": [0, 12.75, 0],
			"scale": [2.5, 2.5, 2.5]
		},
		"fixed": {
			"translation": [0, 7.5, 2.5],
			"scale": [1.5, 1.5, 1.5]
		}
	}
}