{
	"format_version": "1.21.6",
	"credit": "cyberia was here",
	"texture_size": [32, 32],
	"textures": {
		"0": "item/stick_3d",
		"particle": "item/stick_3d"
	},
	"elements": [
		{
			"name": "base",
			"from": [7, 0, 7],
			"to": [9, 17, 9],
			"rotation": {"angle": 0, "axis": "y", "origin": [9, 0, 7]},
			"faces": {
				"north": {"uv": [3, 0, 4, 8.5], "texture": "#0"},
				"east": {"uv": [2, 0, 3, 8.5], "texture": "#0"},
				"south": {"uv": [3, 0, 4, 8.5], "texture": "#0"},
				"west": {"uv": [2, 0, 3, 8.5], "texture": "#0"},
				"up": {"uv": [5, 1, 4, 0], "rotation": 90, "texture": "#0"},
				"down": {"uv": [5, 1, 4, 2], "rotation": 270, "texture": "#0"}
			}
		},
		{
			"name": "twig1",
			"from": [8, 14, 5],
			"to": [8, 15, 7],
			"rotation": {"angle": 22.5, "axis": "x", "origin": [9, 13, 5]},
			"faces": {
				"east": {"uv": [4, 2, 5, 2.5], "texture": "#0"},
				"west": {"uv": [4, 2, 5, 2.5], "texture": "#0"}
			}
		},
		{
			"name": "twig2",
			"from": [8, 6, 9],
			"to": [8, 7, 11],
			"rotation": {"angle": -22.5, "axis": "x", "origin": [9, 5, 11]},
			"faces": {
				"east": {"uv": [5, 2.5, 4, 3], "texture": "#0"},
				"west": {"uv": [5, 2.5, 4, 3], "texture": "#0"}
			}
		}
	],
	"display": {
		"thirdperson_righthand": {
			"rotation": [0, 90, 0],
			"translation": [0, 1.75, 0],
			"scale": [0.5, 0.5, 0.5]
		},
		"thirdperson_lefthand": {
			"rotation": [0, 90, 0],
			"translation": [0, 1.75, 0],
			"scale": [0.5, 0.5, 0.5]
		},
		"firstperson_righthand": {
			"rotation": [0, -90, 6],
			"translation": [-1.5, 6.25, 3.5],
			"scale": [0.5, 0.5, 0.5]
		},
		"firstperson_lefthand": {
			"rotation": [0, -90, 6],
			"translation": [-1.5, 6.25, 3.5],
			"scale": [0.5, 0.5, 0.5]
		},
		"ground": {
			"translation": [0, 3, 0],
			"scale": [0.6, 0.6, 0.6]
		},
		"gui": {
			"rotation": [22.5, 45, 0],
			"translation": [0, -0.5, 0],
			"scale": [0.9, 0.9, 0.9]
		},
		"head": {
			"translation": [0, 14.25, 0]
		},
		"fixed": {
			"rotation": [0, 90, 0],
			"translation": [0, -1, 1]
		}
	},
	"groups": [
		{
			"name": "group",
			"origin": [0, 0, 0],
			"color": 0,
			"children": [0, 1, 2]
		}
	]
}