{
	"format_version": "1.21.6",
	"credit": "Made with Blockbench",
	"texture_size": [32, 32],
	"textures": {
		"0": "item/trial_key_3d",
		"particle": "item/trial_key_3d"
	},
	"elements": [
		{
			"name": "skull",
			"from": [5.08, 7, 4.9],
			"to": [11.08, 12, 10.9],
			"light_emission": 2,
			"rotation": {"angle": 0, "axis": "y", "origin": [9.1, 5, 8.9]},
			"faces": {
				"north": {"uv": [6, 0, 9, 2.5], "texture": "#0"},
				"east": {"uv": [6, 2.5, 9, 5], "texture": "#0"},
				"south": {"uv": [6, 5, 9, 7.5], "texture": "#0"},
				"west": {"uv": [6, 7.5, 9, 10], "texture": "#0"},
				"up": {"uv": [3, 8, 0, 5], "texture": "#0"},
				"down": {"uv": [6, 5, 3, 8], "texture": "#0"}
			}
		},
		{
			"name": "jaw",
			"from": [5.08, 6, 5.9],
			"to": [8.08, 7, 9.9],
			"light_emission": 2,
			"rotation": {"angle": 0, "axis": "y", "origin": [9.1, 5, 8.9]},
			"faces": {
				"north": {"uv": [9, 1, 10.5, 1.5], "texture": "#0"},
				"east": {"uv": [3, 8, 5, 8.5], "texture": "#0"},
				"south": {"uv": [9, 2, 10.5, 2.5], "texture": "#0"},
				"west": {"uv": [9, 0, 11, 0.5], "texture": "#0"},
				"down": {"uv": [3, 8, 1.5, 10], "texture": "#0"}
			}
		},
		{
			"from": [6.58, 2, 8.9],
			"to": [7.58, 3, 10.9],
			"light_emission": 2,
			"rotation": {"angle": 0, "axis": "y", "origin": [9.1, 5, 8.9]},
			"faces": {
				"east": {"uv": [4.5, 2.5, 5.5, 3], "rotation": 180, "texture": "#0"},
				"south": {"uv": [5, 2.5, 5.5, 3], "texture": "#0"},
				"west": {"uv": [4.5, 2.5, 5.5, 3], "texture": "#0"},
				"up": {"uv": [4.5, 2.5, 5.5, 3], "rotation": 90, "texture": "#0"},
				"down": {"uv": [4.5, 2.5, 5.5, 3], "rotation": 270, "texture": "#0"}
			}
		},
		{
			"from": [6.58, 0, 6.9],
			"to": [7.58, 6, 8.9],
			"light_emission": 2,
			"rotation": {"angle": 0, "axis": "y", "origin": [9.1, 5, 8.9]},
			"faces": {
				"north": {"uv": [4, 1, 3.5, 4], "texture": "#0"},
				"east": {"uv": [4.5, 1, 3.5, 4], "texture": "#0"},
				"south": {"uv": [4, 1, 4.5, 4], "texture": "#0"},
				"west": {"uv": [3.5, 1, 4.5, 4], "texture": "#0"},
				"down": {"uv": [3.5, 3.5, 4.5, 4], "rotation": 270, "texture": "#0"}
			}
		},
		{
			"from": [6.58, 0, 8.9],
			"to": [7.58, 1, 10.9],
			"light_emission": 2,
			"rotation": {"angle": 0, "axis": "y", "origin": [9.1, 5, 8.9]},
			"faces": {
				"east": {"uv": [4.5, 3.5, 5.5, 4], "rotation": 180, "texture": "#0"},
				"south": {"uv": [5, 3.5, 5.5, 4], "texture": "#0"},
				"west": {"uv": [4.5, 3.5, 5.5, 4], "texture": "#0"},
				"up": {"uv": [4.5, 3.5, 5.5, 4], "rotation": 90, "texture": "#0"},
				"down": {"uv": [4.5, 3.5, 5.5, 4], "rotation": 270, "texture": "#0"}
			}
		}
	],
	"display": {
		"thirdperson_righthand": {
			"rotation": [22.5, -90, 0],
			"translation": [0, 0.5, 0.25],
			"scale": [0.5, 0.5, 0.5]
		},
		"thirdperson_lefthand": {
			"rotation": [22.5, 90, 0],
			"translation": [0, 0.5, 0.25],
			"scale": [0.5, 0.5, 0.5]
		},
		"firstperson_righthand": {
			"rotation": [1.37, 25, -11],
			"translation": [4.25, 2.75, -3],
			"scale": [0.57812, 0.57812, 0.57812]
		},
		"firstperson_lefthand": {
			"rotation": [1.37, -135, 11],
			"translation": [4.25, 3, -3],
			"scale": [0.57812, 0.57812, 0.57812]
		},
		"ground": {
			"translation": [0, 2, 0],
			"scale": [0.35, 0.35, 0.35]
		},
		"gui": {
			"rotation": [22.5, 45, 0],
			"translation": [0, 1.25, 0]
		},
		"head": {
			"rotation": [0, -90, 0],
			"translation": [1.5, 11.5, 1.25],
			"scale": [0.65, 0.65, 0.65]
		},
		"fixed": {
			"rotation": [0, -90, 0],
			"translation": [0.5, 1.75, 1.5]
		}
	},
	"groups": [
		{
			"name": "Key",
			"origin": [8.005, 5, 9],
			"color": 0,
			"children": [
				0,
				1,
				{
					"name": "Key",
					"origin": [8.005, 5, 9],
					"color": 0,
					"children": [2, 3, 4]
				}
			]
		}
	]
}