{
  "model": {
    "type": "minecraft:select",
    "cases": [
      {
        "model": {
          "type": "minecraft:model",
          "model": "minecraft:item/netherite_upgrade_smithing_template"
        },
        "when": [
          "gui",
          "ground",
          "fixed"
        ]
      }
    ],
    "fallback": {
      "type": "minecraft:model",
      "model": "minecraft:item/smithing_templates/netherite_upgrade_smithing_template_3d"
    },
    "property": "minecraft:display_context"
  }
}